Input driver version is 1.0.1
Input device ID: bus 0x0 vendor 0x0 product 0x0 version 0x0
Input device name: "pt_mt"
Supported events:
  Event type 0 (EV_SYN)
  Event type 1 (EV_KEY)
    Event code 59 (KEY_F1)
    Event code 60 (KEY_F2)
    Event code 61 (KEY_F3)
    Event code 62 (KEY_F4)
    Event code 63 (KEY_F5)
    Event code 64 (KEY_F6)
    Event code 65 (KEY_F7)
    Event code 66 (KEY_F8)
  Event type 2 (EV_REL)
  Event type 3 (EV_ABS)
    Event code 25 (ABS_DISTANCE)
      Value      0
      Min        0
      Max      255
    Event code 47 (ABS_MT_SLOT)
      Value      0
      Min        0
      Max       31
    Event code 48 (ABS_MT_TOUCH_MAJOR)
      Value      0
      Min        0
      Max      255
    Event code 49 (ABS_MT_TOUCH_MINOR)
      Value      0
      Min        0
      Max      255
    Event code 52 (ABS_MT_ORIENTATION)
      Value      0
      Min     -127
      Max      127
    Event code 53 (ABS_MT_POSITION_X)
      Value      0
      Min        0
      Max     1403
    Event code 54 (ABS_MT_POSITION_Y)
      Value      0
      Min        0
      Max     1871
    Event code 55 (ABS_MT_TOOL_TYPE)
      Value      0
      Min        0
      Max        1
    Event code 57 (ABS_MT_TRACKING_ID)
      Value      0
      Min        0
      Max    65535
    Event code 58 (ABS_MT_PRESSURE)
      Value      0
      Min        0
      Max      255
Properties:
  Property type 1 (INPUT_PROP_DIRECT)
Testing ... (interrupt to exit)
Event: time 1778066742.889911, type 3 (EV_ABS), code 57 (ABS_MT_TRACKING_ID), value 1389
Event: time 1778066742.889911, type 3 (EV_ABS), code 53 (ABS_MT_POSITION_X), value 297
Event: time 1778066742.889911, type 3 (EV_ABS), code 54 (ABS_MT_POSITION_Y), value 1303
Event: time 1778066742.889911, type 3 (EV_ABS), code 58 (ABS_MT_PRESSURE), value 65
Event: time 1778066742.889911, type 3 (EV_ABS), code 49 (ABS_MT_TOUCH_MINOR), value 17
Event: time 1778066742.889911, type 3 (EV_ABS), code 52 (ABS_MT_ORIENTATION), value 2
Event: time 1778066742.889911, -------------- SYN_REPORT ------------
Event: time 1778066742.960158, type 3 (EV_ABS), code 47 (ABS_MT_SLOT), value 1
Event: time 1778066742.960158, type 3 (EV_ABS), code 57 (ABS_MT_TRACKING_ID), value 1390
Event: time 1778066742.960158, type 3 (EV_ABS), code 53 (ABS_MT_POSITION_X), value 737
Event: time 1778066742.960158, type 3 (EV_ABS), code 54 (ABS_MT_POSITION_Y), value 817
Event: time 1778066742.960158, type 3 (EV_ABS), code 58 (ABS_MT_PRESSURE), value 108
Event: time 1778066742.960158, type 3 (EV_ABS), code 48 (ABS_MT_TOUCH_MAJOR), value 8
Event: time 1778066742.960158, type 3 (EV_ABS), code 49 (ABS_MT_TOUCH_MINOR), value 17
Event: time 1778066742.960158, -------------- SYN_REPORT ------------
Event: time 1778066742.971934, type 3 (EV_ABS), code 47 (ABS_MT_SLOT), value 0
Event: time 1778066742.971934, type 3 (EV_ABS), code 53 (ABS_MT_POSITION_X), value 299
Event: time 1778066742.971934, type 3 (EV_ABS), code 54 (ABS_MT_POSITION_Y), value 1301
Event: time 1778066742.971934, type 3 (EV_ABS), code 58 (ABS_MT_PRESSURE), value 116
Event: time 1778066742.971934, type 3 (EV_ABS), code 48 (ABS_MT_TOUCH_MAJOR), value 17
Event: time 1778066742.971934, type 3 (EV_ABS), code 52 (ABS_MT_ORIENTATION), value 3
Event: time 1778066742.971934, -------------- SYN_REPORT ------------
Event: time 1778066742.983723, type 3 (EV_ABS), code 53 (ABS_MT_POSITION_X), value 301
Event: time 1778066742.983723, type 3 (EV_ABS), code 54 (ABS_MT_POSITION_Y), value 1299
Event: time 1778066742.983723, type 3 (EV_ABS), code 48 (ABS_MT_TOUCH_MAJOR), value 8
Event: time 1778066742.983723, type 3 (EV_ABS), code 52 (ABS_MT_ORIENTATION), value 2
Event: time 1778066742.983723, type 3 (EV_ABS), code 47 (ABS_MT_SLOT), value 1
Event: time 1778066742.983723, type 3 (EV_ABS), code 53 (ABS_MT_POSITION_X), value 733
Event: time 1778066742.983723, type 3 (EV_ABS), code 54 (ABS_MT_POSITION_Y), value 824
Event: time 1778066742.983723, type 3 (EV_ABS), code 58 (ABS_MT_PRESSURE), value 104
Event: time 1778066742.983723, type 3 (EV_ABS), code 49 (ABS_MT_TOUCH_MINOR), value 8
Event: time 1778066742.983723, type 3 (EV_ABS), code 52 (ABS_MT_ORIENTATION), value 1
Event: time 1778066742.983723, -------------- SYN_REPORT ------------
Event: time 1778066742.995559, type 3 (EV_ABS), code 47 (ABS_MT_SLOT), value 0
Event: time 1778066742.995559, type 3 (EV_ABS), code 53 (ABS_MT_POSITION_X), value 303
Event: time 1778066742.995559, type 3 (EV_ABS), code 54 (ABS_MT_POSITION_Y), value 1296
Event: time 1778066742.995559, type 3 (EV_ABS), code 58 (ABS_MT_PRESSURE), value 118
Event: time 1778066742.995559, type 3 (EV_ABS), code 47 (ABS_MT_SLOT), value 1
Event: time 1778066742.995559, type 3 (EV_ABS), code 53 (ABS_MT_POSITION_X), value 729
Event: time 1778066742.995559, type 3 (EV_ABS), code 54 (ABS_MT_POSITION_Y), value 831
Event: time 1778066742.995559, type 3 (EV_ABS), code 58 (ABS_MT_PRESSURE), value 102
Event: time 1778066742.995559, type 3 (EV_ABS), code 48 (ABS_MT_TOUCH_MAJOR), value 17
Event: time 1778066742.995559, type 3 (EV_ABS), code 49 (ABS_MT_TOUCH_MINOR), value 17
Event: time 1778066742.995559, type 3 (EV_ABS), code 52 (ABS_MT_ORIENTATION), value 3
Event: time 1778066742.995559, -------------- SYN_REPORT ------------
Event: time 1778066743.007444, type 3 (EV_ABS), code 47 (ABS_MT_SLOT), value 0
Event: time 1778066743.007444, type 3 (EV_ABS), code 53 (ABS_MT_POSITION_X), value 306
Event: time 1778066743.007444, type 3 (EV_ABS), code 54 (ABS_MT_POSITION_Y), value 1291
Event: time 1778066743.007444, type 3 (EV_ABS), code 58 (ABS_MT_PRESSURE), value 119
Event: time 1778066743.007444, type 3 (EV_ABS), code 48 (ABS_MT_TOUCH_MAJOR), value 17
Event: time 1778066743.007444, type 3 (EV_ABS), code 52 (ABS_MT_ORIENTATION), value 3
Event: time 1778066743.007444, type 3 (EV_ABS), code 47 (ABS_MT_SLOT), value 1
Event: time 1778066743.007444, type 3 (EV_ABS), code 53 (ABS_MT_POSITION_X), value 723
Event: time 1778066743.007444, type 3 (EV_ABS), code 54 (ABS_MT_POSITION_Y), value 839
Event: time 1778066743.007444, type 3 (EV_ABS), code 58 (ABS_MT_PRESSURE), value 98
Event: time 1778066743.007444, type 3 (EV_ABS), code 52 (ABS_MT_ORIENTATION), value 4
Event: time 1778066743.007444, -------------- SYN_REPORT ------------
Event: time 1778066743.019164, type 3 (EV_ABS), code 47 (ABS_MT_SLOT), value 0
Event: time 1778066743.019164, type 3 (EV_ABS), code 53 (ABS_MT_POSITION_X), value 308
Event: time 1778066743.019164, type 3 (EV_ABS), code 54 (ABS_MT_POSITION_Y), value 1286
Event: time 1778066743.019164, type 3 (EV_ABS), code 58 (ABS_MT_PRESSURE), value 120
Event: time 1778066743.019164, type 3 (EV_ABS), code 49 (ABS_MT_TOUCH_MINOR), value 8
Event: time 1778066743.019164, type 3 (EV_ABS), code 52 (ABS_MT_ORIENTATION), value 2
Event: time 1778066743.019164, type 3 (EV_ABS), code 47 (ABS_MT_SLOT), value 1
Event: time 1778066743.019164, type 3 (EV_ABS), code 53 (ABS_MT_POSITION_X), value 715
Event: time 1778066743.019164, type 3 (EV_ABS), code 54 (ABS_MT_POSITION_Y), value 847
Event: time 1778066743.019164, type 3 (EV_ABS), code 58 (ABS_MT_PRESSURE), value 100
Event: time 1778066743.019164, type 3 (EV_ABS), code 48 (ABS_MT_TOUCH_MAJOR), value 8
Event: time 1778066743.019164, type 3 (EV_ABS), code 52 (ABS_MT_ORIENTATION), value 2
Event: time 1778066743.019164, -------------- SYN_REPORT ------------
Event: time 1778066743.030998, type 3 (EV_ABS), code 47 (ABS_MT_SLOT), value 0
Event: time 1778066743.030998, type 3 (EV_ABS), code 53 (ABS_MT_POSITION_X), value 311
Event: time 1778066743.030998, type 3 (EV_ABS), code 54 (ABS_MT_POSITION_Y), value 1281
Event: time 1778066743.030998, type 3 (EV_ABS), code 58 (ABS_MT_PRESSURE), value 119
Event: time 1778066743.030998, type 3 (EV_ABS), code 49 (ABS_MT_TOUCH_MINOR), value 26
Event: time 1778066743.030998, type 3 (EV_ABS), code 52 (ABS_MT_ORIENTATION), value 4
Event: time 1778066743.030998, type 3 (EV_ABS), code 47 (ABS_MT_SLOT), value 1
Event: time 1778066743.030998, type 3 (EV_ABS), code 53 (ABS_MT_POSITION_X), value 706
Event: time 1778066743.030998, type 3 (EV_ABS), code 54 (ABS_MT_POSITION_Y), value 856
Event: time 1778066743.030998, type 3 (EV_ABS), code 58 (ABS_MT_PRESSURE), value 97
Event: time 1778066743.030998, type 3 (EV_ABS), code 49 (ABS_MT_TOUCH_MINOR), value 8
Event: time 1778066743.030998, type 3 (EV_ABS), code 52 (ABS_MT_ORIENTATION), value 1
Event: time 1778066743.030998, -------------- SYN_REPORT ------------
Event: time 1778066743.042782, type 3 (EV_ABS), code 47 (ABS_MT_SLOT), value 0
Event: time 1778066743.042782, type 3 (EV_ABS), code 53 (ABS_MT_POSITION_X), value 314
Event: time 1778066743.042782, type 3 (EV_ABS), code 54 (ABS_MT_POSITION_Y), value 1276
Event: time 1778066743.042782, type 3 (EV_ABS), code 58 (ABS_MT_PRESSURE), value 123
Event: time 1778066743.042782, type 3 (EV_ABS), code 49 (ABS_MT_TOUCH_MINOR), value 8
Event: time 1778066743.042782, type 3 (EV_ABS), code 52 (ABS_MT_ORIENTATION), value 2
Event: time 1778066743.042782, type 3 (EV_ABS), code 47 (ABS_MT_SLOT), value 1
Event: time 1778066743.042782, type 3 (EV_ABS), code 53 (ABS_MT_POSITION_X), value 696
Event: time 1778066743.042782, type 3 (EV_ABS), code 54 (ABS_MT_POSITION_Y), value 866
Event: time 1778066743.042782, type 3 (EV_ABS), code 58 (ABS_MT_PRESSURE), value 95
Event: time 1778066743.042782, type 3 (EV_ABS), code 49 (ABS_MT_TOUCH_MINOR), value 17
Event: time 1778066743.042782, type 3 (EV_ABS), code 52 (ABS_MT_ORIENTATION), value 2
Event: time 1778066743.042782, -------------- SYN_REPORT ------------
Event: time 1778066743.054690, type 3 (EV_ABS), code 47 (ABS_MT_SLOT), value 0
Event: time 1778066743.054690, type 3 (EV_ABS), code 53 (ABS_MT_POSITION_X), value 317
Event: time 1778066743.054690, type 3 (EV_ABS), code 54 (ABS_MT_POSITION_Y), value 1271
Event: time 1778066743.054690, type 3 (EV_ABS), code 58 (ABS_MT_PRESSURE), value 121
Event: time 1778066743.054690, type 3 (EV_ABS), code 49 (ABS_MT_TOUCH_MINOR), value 17
Event: time 1778066743.054690, type 3 (EV_ABS), code 52 (ABS_MT_ORIENTATION), value 3
Event: time 1778066743.054690, type 3 (EV_ABS), code 47 (ABS_MT_SLOT), value 1
Event: time 1778066743.054690, type 3 (EV_ABS), code 53 (ABS_MT_POSITION_X), value 686
Event: time 1778066743.054690, type 3 (EV_ABS), code 54 (ABS_MT_POSITION_Y), value 875
Event: time 1778066743.054690, type 3 (EV_ABS), code 58 (ABS_MT_PRESSURE), value 93
Event: time 1778066743.054690, type 3 (EV_ABS), code 48 (ABS_MT_TOUCH_MAJOR), value 17
Event: time 1778066743.054690, type 3 (EV_ABS), code 52 (ABS_MT_ORIENTATION), value 4
Event: time 1778066743.054690, -------------- SYN_REPORT ------------
Event: time 1778066743.066442, type 3 (EV_ABS), code 47 (ABS_MT_SLOT), value 0
Event: time 1778066743.066442, type 3 (EV_ABS), code 53 (ABS_MT_POSITION_X), value 320
Event: time 1778066743.066442, type 3 (EV_ABS), code 54 (ABS_MT_POSITION_Y), value 1265
Event: time 1778066743.066442, type 3 (EV_ABS), code 58 (ABS_MT_PRESSURE), value 118
Event: time 1778066743.066442, type 3 (EV_ABS), code 48 (ABS_MT_TOUCH_MAJOR), value 8
Event: time 1778066743.066442, type 3 (EV_ABS), code 52 (ABS_MT_ORIENTATION), value 2
Event: time 1778066743.066442, type 3 (EV_ABS), code 47 (ABS_MT_SLOT), value 1
Event: time 1778066743.066442, type 3 (EV_ABS), code 53 (ABS_MT_POSITION_X), value 675
Event: time 1778066743.066442, type 3 (EV_ABS), code 54 (ABS_MT_POSITION_Y), value 884
Event: time 1778066743.066442, type 3 (EV_ABS), code 58 (ABS_MT_PRESSURE), value 100
Event: time 1778066743.066442, -------------- SYN_REPORT ------------
Event: time 1778066743.078224, type 3 (EV_ABS), code 47 (ABS_MT_SLOT), value 0
Event: time 1778066743.078224, type 3 (EV_ABS), code 53 (ABS_MT_POSITION_X), value 323
Event: time 1778066743.078224, type 3 (EV_ABS), code 54 (ABS_MT_POSITION_Y), value 1258
Event: time 1778066743.078224, type 3 (EV_ABS), code 58 (ABS_MT_PRESSURE), value 116
Event: time 1778066743.078224, type 3 (EV_ABS), code 47 (ABS_MT_SLOT), value 1
Event: time 1778066743.078224, type 3 (EV_ABS), code 53 (ABS_MT_POSITION_X), value 665
Event: time 1778066743.078224, type 3 (EV_ABS), code 54 (ABS_MT_POSITION_Y), value 892
Event: time 1778066743.078224, type 3 (EV_ABS), code 58 (ABS_MT_PRESSURE), value 99
Event: time 1778066743.078224, type 3 (EV_ABS), code 52 (ABS_MT_ORIENTATION), value 3
Event: time 1778066743.078224, -------------- SYN_REPORT ------------
Event: time 1778066743.090008, type 3 (EV_ABS), code 47 (ABS_MT_SLOT), value 0
Event: time 1778066743.090008, type 3 (EV_ABS), code 53 (ABS_MT_POSITION_X), value 327
Event: time 1778066743.090008, type 3 (EV_ABS), code 54 (ABS_MT_POSITION_Y), value 1249
Event: time 1778066743.090008, type 3 (EV_ABS), code 58 (ABS_MT_PRESSURE), value 115
Event: time 1778066743.090008, type 3 (EV_ABS), code 48 (ABS_MT_TOUCH_MAJOR), value 17
Event: time 1778066743.090008, type 3 (EV_ABS), code 52 (ABS_MT_ORIENTATION), value 3
Event: time 1778066743.090008, type 3 (EV_ABS), code 47 (ABS_MT_SLOT), value 1
Event: time 1778066743.090008, type 3 (EV_ABS), code 53 (ABS_MT_POSITION_X), value 654
Event: time 1778066743.090008, type 3 (EV_ABS), code 54 (ABS_MT_POSITION_Y), value 900
Event: time 1778066743.090008, type 3 (EV_ABS), code 58 (ABS_MT_PRESSURE), value 98
Event: time 1778066743.090008, type 3 (EV_ABS), code 48 (ABS_MT_TOUCH_MAJOR), value 8
Event: time 1778066743.090008, type 3 (EV_ABS), code 49 (ABS_MT_TOUCH_MINOR), value 8
Event: time 1778066743.090008, type 3 (EV_ABS), code 52 (ABS_MT_ORIENTATION), value 1
Event: time 1778066743.090008, -------------- SYN_REPORT ------------
Event: time 1778066743.101844, type 3 (EV_ABS), code 47 (ABS_MT_SLOT), value 0
Event: time 1778066743.101844, type 3 (EV_ABS), code 53 (ABS_MT_POSITION_X), value 331
Event: time 1778066743.101844, type 3 (EV_ABS), code 54 (ABS_MT_POSITION_Y), value 1241
Event: time 1778066743.101844, type 3 (EV_ABS), code 58 (ABS_MT_PRESSURE), value 111
Event: time 1778066743.101844, type 3 (EV_ABS), code 52 (ABS_MT_ORIENTATION), value 4
Event: time 1778066743.101844, type 3 (EV_ABS), code 47 (ABS_MT_SLOT), value 1
Event: time 1778066743.101844, type 3 (EV_ABS), code 53 (ABS_MT_POSITION_X), value 644
Event: time 1778066743.101844, type 3 (EV_ABS), code 54 (ABS_MT_POSITION_Y), value 909
Event: time 1778066743.101844, type 3 (EV_ABS), code 58 (ABS_MT_PRESSURE), value 94
Event: time 1778066743.101844, type 3 (EV_ABS), code 49 (ABS_MT_TOUCH_MINOR), value 17
Event: time 1778066743.101844, type 3 (EV_ABS), code 52 (ABS_MT_ORIENTATION), value 2
Event: time 1778066743.101844, -------------- SYN_REPORT ------------
Event: time 1778066743.113611, type 3 (EV_ABS), code 47 (ABS_MT_SLOT), value 0
Event: time 1778066743.113611, type 3 (EV_ABS), code 53 (ABS_MT_POSITION_X), value 336
Event: time 1778066743.113611, type 3 (EV_ABS), code 54 (ABS_MT_POSITION_Y), value 1232
Event: time 1778066743.113611, type 3 (EV_ABS), code 58 (ABS_MT_PRESSURE), value 114
Event: time 1778066743.113611, type 3 (EV_ABS), code 52 (ABS_MT_ORIENTATION), value 3
Event: time 1778066743.113611, type 3 (EV_ABS), code 47 (ABS_MT_SLOT), value 1
Event: time 1778066743.113611, type 3 (EV_ABS), code 53 (ABS_MT_POSITION_X), value 634
Event: time 1778066743.113611, type 3 (EV_ABS), code 54 (ABS_MT_POSITION_Y), value 917
Event: time 1778066743.113611, -------------- SYN_REPORT ------------
Event: time 1778066743.125456, type 3 (EV_ABS), code 47 (ABS_MT_SLOT), value 0
Event: time 1778066743.125456, type 3 (EV_ABS), code 53 (ABS_MT_POSITION_X), value 341
Event: time 1778066743.125456, type 3 (EV_ABS), code 54 (ABS_MT_POSITION_Y), value 1223
Event: time 1778066743.125456, type 3 (EV_ABS), code 58 (ABS_MT_PRESSURE), value 111
Event: time 1778066743.125456, type 3 (EV_ABS), code 48 (ABS_MT_TOUCH_MAJOR), value 8
Event: time 1778066743.125456, type 3 (EV_ABS), code 52 (ABS_MT_ORIENTATION), value 2
Event: time 1778066743.125456, type 3 (EV_ABS), code 47 (ABS_MT_SLOT), value 1
Event: time 1778066743.125456, type 3 (EV_ABS), code 53 (ABS_MT_POSITION_X), value 625
Event: time 1778066743.125456, type 3 (EV_ABS), code 54 (ABS_MT_POSITION_Y), value 924
Event: time 1778066743.125456, type 3 (EV_ABS), code 58 (ABS_MT_PRESSURE), value 97
Event: time 1778066743.125456, -------------- SYN_REPORT ------------
Event: time 1778066743.137214, type 3 (EV_ABS), code 47 (ABS_MT_SLOT), value 0
Event: time 1778066743.137214, type 3 (EV_ABS), code 53 (ABS_MT_POSITION_X), value 346
Event: time 1778066743.137214, type 3 (EV_ABS), code 54 (ABS_MT_POSITION_Y), value 1212
Event: time 1778066743.137214, type 3 (EV_ABS), code 58 (ABS_MT_PRESSURE), value 113
Event: time 1778066743.137214, type 3 (EV_ABS), code 47 (ABS_MT_SLOT), value 1
Event: time 1778066743.137214, type 3 (EV_ABS), code 53 (ABS_MT_POSITION_X), value 617
Event: time 1778066743.137214, type 3 (EV_ABS), code 54 (ABS_MT_POSITION_Y), value 930
Event: time 1778066743.137214, type 3 (EV_ABS), code 58 (ABS_MT_PRESSURE), value 100
Event: time 1778066743.137214, -------------- SYN_REPORT ------------
Event: time 1778066743.149062, type 3 (EV_ABS), code 47 (ABS_MT_SLOT), value 0
Event: time 1778066743.149062, type 3 (EV_ABS), code 53 (ABS_MT_POSITION_X), value 351
Event: time 1778066743.149062, type 3 (EV_ABS), code 54 (ABS_MT_POSITION_Y), value 1201
Event: time 1778066743.149062, type 3 (EV_ABS), code 58 (ABS_MT_PRESSURE), value 117
Event: time 1778066743.149062, type 3 (EV_ABS), code 48 (ABS_MT_TOUCH_MAJOR), value 17
Event: time 1778066743.149062, type 3 (EV_ABS), code 49 (ABS_MT_TOUCH_MINOR), value 8
Event: time 1778066743.149062, type 3 (EV_ABS), code 47 (ABS_MT_SLOT), value 1
Event: time 1778066743.149062, type 3 (EV_ABS), code 53 (ABS_MT_POSITION_X), value 610
Event: time 1778066743.149062, type 3 (EV_ABS), code 54 (ABS_MT_POSITION_Y), value 936
Event: time 1778066743.149062, type 3 (EV_ABS), code 58 (ABS_MT_PRESSURE), value 103
Event: time 1778066743.149062, type 3 (EV_ABS), code 48 (ABS_MT_TOUCH_MAJOR), value 17
Event: time 1778066743.149062, type 3 (EV_ABS), code 52 (ABS_MT_ORIENTATION), value 3
Event: time 1778066743.149062, -------------- SYN_REPORT ------------
Event: time 1778066743.160821, type 3 (EV_ABS), code 47 (ABS_MT_SLOT), value 0
Event: time 1778066743.160821, type 3 (EV_ABS), code 53 (ABS_MT_POSITION_X), value 357
Event: time 1778066743.160821, type 3 (EV_ABS), code 54 (ABS_MT_POSITION_Y), value 1191
Event: time 1778066743.160821, type 3 (EV_ABS), code 58 (ABS_MT_PRESSURE), value 119
Event: time 1778066743.160821, type 3 (EV_ABS), code 47 (ABS_MT_SLOT), value 1
Event: time 1778066743.160821, type 3 (EV_ABS), code 53 (ABS_MT_POSITION_X), value 603
Event: time 1778066743.160821, type 3 (EV_ABS), code 54 (ABS_MT_POSITION_Y), value 941
Event: time 1778066743.160821, type 3 (EV_ABS), code 49 (ABS_MT_TOUCH_MINOR), value 8
Event: time 1778066743.160821, type 3 (EV_ABS), code 52 (ABS_MT_ORIENTATION), value 2
Event: time 1778066743.160821, -------------- SYN_REPORT ------------
Event: time 1778066743.172638, type 3 (EV_ABS), code 47 (ABS_MT_SLOT), value 0
Event: time 1778066743.172638, type 3 (EV_ABS), code 53 (ABS_MT_POSITION_X), value 363
Event: time 1778066743.172638, type 3 (EV_ABS), code 54 (ABS_MT_POSITION_Y), value 1180
Event: time 1778066743.172638, type 3 (EV_ABS), code 58 (ABS_MT_PRESSURE), value 116
Event: time 1778066743.172638, type 3 (EV_ABS), code 48 (ABS_MT_TOUCH_MAJOR), value 8
Event: time 1778066743.172638, type 3 (EV_ABS), code 49 (ABS_MT_TOUCH_MINOR), value 17
Event: time 1778066743.172638, type 3 (EV_ABS), code 47 (ABS_MT_SLOT), value 1
Event: time 1778066743.172638, type 3 (EV_ABS), code 53 (ABS_MT_POSITION_X), value 597
Event: time 1778066743.172638, type 3 (EV_ABS), code 54 (ABS_MT_POSITION_Y), value 945
Event: time 1778066743.172638, -------------- SYN_REPORT ------------
Event: time 1778066743.184421, type 3 (EV_ABS), code 47 (ABS_MT_SLOT), value 0
Event: time 1778066743.184421, type 3 (EV_ABS), code 53 (ABS_MT_POSITION_X), value 368
Event: time 1778066743.184421, type 3 (EV_ABS), code 54 (ABS_MT_POSITION_Y), value 1168
Event: time 1778066743.184421, type 3 (EV_ABS), code 58 (ABS_MT_PRESSURE), value 113
Event: time 1778066743.184421, type 3 (EV_ABS), code 47 (ABS_MT_SLOT), value 1
Event: time 1778066743.184421, type 3 (EV_ABS), code 53 (ABS_MT_POSITION_X), value 592
Event: time 1778066743.184421, type 3 (EV_ABS), code 54 (ABS_MT_POSITION_Y), value 948
Event: time 1778066743.184421, -------------- SYN_REPORT ------------
Event: time 1778066743.196283, type 3 (EV_ABS), code 47 (ABS_MT_SLOT), value 0
Event: time 1778066743.196283, type 3 (EV_ABS), code 53 (ABS_MT_POSITION_X), value 375
Event: time 1778066743.196283, type 3 (EV_ABS), code 54 (ABS_MT_POSITION_Y), value 1155
Event: time 1778066743.196283, type 3 (EV_ABS), code 58 (ABS_MT_PRESSURE), value 110
Event: time 1778066743.196283, type 3 (EV_ABS), code 48 (ABS_MT_TOUCH_MAJOR), value 17
Event: time 1778066743.196283, type 3 (EV_ABS), code 52 (ABS_MT_ORIENTATION), value 4
Event: time 1778066743.196283, type 3 (EV_ABS), code 47 (ABS_MT_SLOT), value 1
Event: time 1778066743.196283, type 3 (EV_ABS), code 53 (ABS_MT_POSITION_X), value 588
Event: time 1778066743.196283, type 3 (EV_ABS), code 54 (ABS_MT_POSITION_Y), value 951
Event: time 1778066743.196283, -------------- SYN_REPORT ------------
Event: time 1778066743.208124, type 3 (EV_ABS), code 47 (ABS_MT_SLOT), value 0
Event: time 1778066743.208124, type 3 (EV_ABS), code 53 (ABS_MT_POSITION_X), value 381
Event: time 1778066743.208124, type 3 (EV_ABS), code 54 (ABS_MT_POSITION_Y), value 1143
Event: time 1778066743.208124, type 3 (EV_ABS), code 58 (ABS_MT_PRESSURE), value 115
Event: time 1778066743.208124, type 3 (EV_ABS), code 47 (ABS_MT_SLOT), value 1
Event: time 1778066743.208124, type 3 (EV_ABS), code 53 (ABS_MT_POSITION_X), value 583
Event: time 1778066743.208124, type 3 (EV_ABS), code 54 (ABS_MT_POSITION_Y), value 954
Event: time 1778066743.208124, type 3 (EV_ABS), code 58 (ABS_MT_PRESSURE), value 104
Event: time 1778066743.208124, -------------- SYN_REPORT ------------
Event: time 1778066743.219754, type 3 (EV_ABS), code 47 (ABS_MT_SLOT), value 0
Event: time 1778066743.219754, type 3 (EV_ABS), code 53 (ABS_MT_POSITION_X), value 385
Event: time 1778066743.219754, type 3 (EV_ABS), code 54 (ABS_MT_POSITION_Y), value 1131
Event: time 1778066743.219754, type 3 (EV_ABS), code 58 (ABS_MT_PRESSURE), value 114
Event: time 1778066743.219754, type 3 (EV_ABS), code 52 (ABS_MT_ORIENTATION), value 3
Event: time 1778066743.219754, type 3 (EV_ABS), code 47 (ABS_MT_SLOT), value 1
Event: time 1778066743.219754, type 3 (EV_ABS), code 53 (ABS_MT_POSITION_X), value 578
Event: time 1778066743.219754, type 3 (EV_ABS), code 54 (ABS_MT_POSITION_Y), value 955
Event: time 1778066743.219754, type 3 (EV_ABS), code 49 (ABS_MT_TOUCH_MINOR), value 17
Event: time 1778066743.219754, type 3 (EV_ABS), code 52 (ABS_MT_ORIENTATION), value 3
Event: time 1778066743.219754, -------------- SYN_REPORT ------------
Event: time 1778066743.231506, type 3 (EV_ABS), code 47 (ABS_MT_SLOT), value 0
Event: time 1778066743.231506, type 3 (EV_ABS), code 53 (ABS_MT_POSITION_X), value 392
Event: time 1778066743.231506, type 3 (EV_ABS), code 54 (ABS_MT_POSITION_Y), value 1120
Event: time 1778066743.231506, type 3 (EV_ABS), code 58 (ABS_MT_PRESSURE), value 112
Event: time 1778066743.231506, type 3 (EV_ABS), code 48 (ABS_MT_TOUCH_MAJOR), value 8
Event: time 1778066743.231506, type 3 (EV_ABS), code 52 (ABS_MT_ORIENTATION), value 2
Event: time 1778066743.231506, type 3 (EV_ABS), code 47 (ABS_MT_SLOT), value 1
Event: time 1778066743.231506, type 3 (EV_ABS), code 53 (ABS_MT_POSITION_X), value 573
Event: time 1778066743.231506, type 3 (EV_ABS), code 54 (ABS_MT_POSITION_Y), value 956
Event: time 1778066743.231506, type 3 (EV_ABS), code 58 (ABS_MT_PRESSURE), value 103
Event: time 1778066743.231506, -------------- SYN_REPORT ------------
Event: time 1778066743.243325, type 3 (EV_ABS), code 47 (ABS_MT_SLOT), value 0
Event: time 1778066743.243325, type 3 (EV_ABS), code 53 (ABS_MT_POSITION_X), value 398
Event: time 1778066743.243325, type 3 (EV_ABS), code 54 (ABS_MT_POSITION_Y), value 1110
Event: time 1778066743.243325, type 3 (EV_ABS), code 58 (ABS_MT_PRESSURE), value 114
Event: time 1778066743.243325, type 3 (EV_ABS), code 47 (ABS_MT_SLOT), value 1
Event: time 1778066743.243325, type 3 (EV_ABS), code 53 (ABS_MT_POSITION_X), value 570
Event: time 1778066743.243325, type 3 (EV_ABS), code 54 (ABS_MT_POSITION_Y), value 957
Event: time 1778066743.243325, type 3 (EV_ABS), code 58 (ABS_MT_PRESSURE), value 105
Event: time 1778066743.243325, -------------- SYN_REPORT ------------
Event: time 1778066743.255292, type 3 (EV_ABS), code 47 (ABS_MT_SLOT), value 0
Event: time 1778066743.255292, type 3 (EV_ABS), code 53 (ABS_MT_POSITION_X), value 399
Event: time 1778066743.255292, type 3 (EV_ABS), code 54 (ABS_MT_POSITION_Y), value 1099
Event: time 1778066743.255292, type 3 (EV_ABS), code 58 (ABS_MT_PRESSURE), value 117
Event: time 1778066743.255292, type 3 (EV_ABS), code 48 (ABS_MT_TOUCH_MAJOR), value 17
Event: time 1778066743.255292, type 3 (EV_ABS), code 52 (ABS_MT_ORIENTATION), value 3
Event: time 1778066743.255292, type 3 (EV_ABS), code 47 (ABS_MT_SLOT), value 1
Event: time 1778066743.255292, type 3 (EV_ABS), code 53 (ABS_MT_POSITION_X), value 567
Event: time 1778066743.255292, -------------- SYN_REPORT ------------
Event: time 1778066743.266977, type 3 (EV_ABS), code 47 (ABS_MT_SLOT), value 0
Event: time 1778066743.266977, type 3 (EV_ABS), code 53 (ABS_MT_POSITION_X), value 400
Event: time 1778066743.266977, type 3 (EV_ABS), code 54 (ABS_MT_POSITION_Y), value 1090
Event: time 1778066743.266977, type 3 (EV_ABS), code 58 (ABS_MT_PRESSURE), value 119
Event: time 1778066743.266977, type 3 (EV_ABS), code 47 (ABS_MT_SLOT), value 1
Event: time 1778066743.266977, type 3 (EV_ABS), code 53 (ABS_MT_POSITION_X), value 565
Event: time 1778066743.266977, type 3 (EV_ABS), code 54 (ABS_MT_POSITION_Y), value 958
Event: time 1778066743.266977, -------------- SYN_REPORT ------------
Event: time 1778066743.278684, type 3 (EV_ABS), code 47 (ABS_MT_SLOT), value 0
Event: time 1778066743.278684, type 3 (EV_ABS), code 54 (ABS_MT_POSITION_Y), value 1082
Event: time 1778066743.278684, type 3 (EV_ABS), code 58 (ABS_MT_PRESSURE), value 122
Event: time 1778066743.278684, type 3 (EV_ABS), code 47 (ABS_MT_SLOT), value 1
Event: time 1778066743.278684, type 3 (EV_ABS), code 53 (ABS_MT_POSITION_X), value 563
Event: time 1778066743.278684, type 3 (EV_ABS), code 58 (ABS_MT_PRESSURE), value 104
Event: time 1778066743.278684, -------------- SYN_REPORT ------------
Event: time 1778066743.290518, type 3 (EV_ABS), code 53 (ABS_MT_POSITION_X), value 544
Event: time 1778066743.290518, type 3 (EV_ABS), code 54 (ABS_MT_POSITION_Y), value 972
Event: time 1778066743.290518, type 3 (EV_ABS), code 58 (ABS_MT_PRESSURE), value 119
Event: time 1778066743.290518, type 3 (EV_ABS), code 48 (ABS_MT_TOUCH_MAJOR), value 35
Event: time 1778066743.290518, type 3 (EV_ABS), code 49 (ABS_MT_TOUCH_MINOR), value 44
Event: time 1778066743.290518, type 3 (EV_ABS), code 52 (ABS_MT_ORIENTATION), value 8
Event: time 1778066743.290518, -------------- SYN_REPORT ------------
Event: time 1778066743.302225, type 3 (EV_ABS), code 53 (ABS_MT_POSITION_X), value 529
Event: time 1778066743.302225, type 3 (EV_ABS), code 54 (ABS_MT_POSITION_Y), value 981
Event: time 1778066743.302225, type 3 (EV_ABS), code 58 (ABS_MT_PRESSURE), value 117
Event: time 1778066743.302225, -------------- SYN_REPORT ------------
Event: time 1778066743.314129, type 3 (EV_ABS), code 53 (ABS_MT_POSITION_X), value 516
Event: time 1778066743.314129, type 3 (EV_ABS), code 54 (ABS_MT_POSITION_Y), value 986
Event: time 1778066743.314129, type 3 (EV_ABS), code 58 (ABS_MT_PRESSURE), value 115
Event: time 1778066743.314129, type 3 (EV_ABS), code 48 (ABS_MT_TOUCH_MAJOR), value 26
Event: time 1778066743.314129, type 3 (EV_ABS), code 52 (ABS_MT_ORIENTATION), value 7
Event: time 1778066743.314129, type 3 (EV_ABS), code 47 (ABS_MT_SLOT), value 0
Event: time 1778066743.314129, type 3 (EV_ABS), code 57 (ABS_MT_TRACKING_ID), value -1
Event: time 1778066743.314129, -------------- SYN_REPORT ------------
Event: time 1778066743.324835, type 3 (EV_ABS), code 47 (ABS_MT_SLOT), value 1
Event: time 1778066743.324835, type 3 (EV_ABS), code 53 (ABS_MT_POSITION_X), value 505
Event: time 1778066743.324835, type 3 (EV_ABS), code 54 (ABS_MT_POSITION_Y), value 991
Event: time 1778066743.324835, type 3 (EV_ABS), code 58 (ABS_MT_PRESSURE), value 112
Event: time 1778066743.324835, -------------- SYN_REPORT ------------
Event: time 1778066743.336657, type 3 (EV_ABS), code 53 (ABS_MT_POSITION_X), value 497
Event: time 1778066743.336657, type 3 (EV_ABS), code 54 (ABS_MT_POSITION_Y), value 993
Event: time 1778066743.336657, type 3 (EV_ABS), code 58 (ABS_MT_PRESSURE), value 111
Event: time 1778066743.336657, -------------- SYN_REPORT ------------
Event: time 1778066743.348325, type 3 (EV_ABS), code 53 (ABS_MT_POSITION_X), value 491
Event: time 1778066743.348325, type 3 (EV_ABS), code 54 (ABS_MT_POSITION_Y), value 996
Event: time 1778066743.348325, type 3 (EV_ABS), code 58 (ABS_MT_PRESSURE), value 112
Event: time 1778066743.348325, type 3 (EV_ABS), code 49 (ABS_MT_TOUCH_MINOR), value 35
Event: time 1778066743.348325, type 3 (EV_ABS), code 52 (ABS_MT_ORIENTATION), value 6
Event: time 1778066743.348325, -------------- SYN_REPORT ------------
Event: time 1778066743.360230, type 3 (EV_ABS), code 53 (ABS_MT_POSITION_X), value 486
Event: time 1778066743.360230, type 3 (EV_ABS), code 54 (ABS_MT_POSITION_Y), value 997
Event: time 1778066743.360230, type 3 (EV_ABS), code 58 (ABS_MT_PRESSURE), value 110
Event: time 1778066743.360230, -------------- SYN_REPORT ------------
Event: time 1778066743.372043, type 3 (EV_ABS), code 53 (ABS_MT_POSITION_X), value 483
Event: time 1778066743.372043, type 3 (EV_ABS), code 54 (ABS_MT_POSITION_Y), value 998
Event: time 1778066743.372043, type 3 (EV_ABS), code 58 (ABS_MT_PRESSURE), value 109
Event: time 1778066743.372043, -------------- SYN_REPORT ------------
Event: time 1778066743.383857, type 3 (EV_ABS), code 58 (ABS_MT_PRESSURE), value 108
Event: time 1778066743.383857, -------------- SYN_REPORT ------------
Event: time 1778066743.395647, type 3 (EV_ABS), code 53 (ABS_MT_POSITION_X), value 485
Event: time 1778066743.395647, type 3 (EV_ABS), code 58 (ABS_MT_PRESSURE), value 106
Event: time 1778066743.395647, -------------- SYN_REPORT ------------
Event: time 1778066743.407438, type 3 (EV_ABS), code 53 (ABS_MT_POSITION_X), value 486
Event: time 1778066743.407438, type 3 (EV_ABS), code 58 (ABS_MT_PRESSURE), value 101
Event: time 1778066743.407438, -------------- SYN_REPORT ------------
Event: time 1778066743.419266, type 3 (EV_ABS), code 53 (ABS_MT_POSITION_X), value 488
Event: time 1778066743.419266, type 3 (EV_ABS), code 54 (ABS_MT_POSITION_Y), value 997
Event: time 1778066743.419266, type 3 (EV_ABS), code 58 (ABS_MT_PRESSURE), value 94
Event: time 1778066743.419266, -------------- SYN_REPORT ------------
Event: time 1778066743.431056, type 3 (EV_ABS), code 53 (ABS_MT_POSITION_X), value 490
Event: time 1778066743.431056, type 3 (EV_ABS), code 54 (ABS_MT_POSITION_Y), value 996
Event: time 1778066743.431056, type 3 (EV_ABS), code 58 (ABS_MT_PRESSURE), value 82
Event: time 1778066743.431056, -------------- SYN_REPORT ------------
Event: time 1778066743.442847, type 3 (EV_ABS), code 53 (ABS_MT_POSITION_X), value 493
Event: time 1778066743.442847, type 3 (EV_ABS), code 54 (ABS_MT_POSITION_Y), value 995
Event: time 1778066743.442847, type 3 (EV_ABS), code 58 (ABS_MT_PRESSURE), value 75
Event: time 1778066743.442847, -------------- SYN_REPORT ------------
Event: time 1778066743.454511, type 3 (EV_ABS), code 53 (ABS_MT_POSITION_X), value 506
Event: time 1778066743.454511, type 3 (EV_ABS), code 54 (ABS_MT_POSITION_Y), value 991
Event: time 1778066743.454511, type 3 (EV_ABS), code 58 (ABS_MT_PRESSURE), value 53
Event: time 1778066743.454511, type 3 (EV_ABS), code 48 (ABS_MT_TOUCH_MAJOR), value 17
Event: time 1778066743.454511, type 3 (EV_ABS), code 49 (ABS_MT_TOUCH_MINOR), value 8
Event: time 1778066743.454511, type 3 (EV_ABS), code 52 (ABS_MT_ORIENTATION), value 2
Event: time 1778066743.454511, -------------- SYN_REPORT ------------
Event: time 1778066743.489678, type 3 (EV_ABS), code 57 (ABS_MT_TRACKING_ID), value -1
Event: time 1778066743.489678, -------------- SYN_REPORT ------------
Event: time 1778066744.020820, type 3 (EV_ABS), code 47 (ABS_MT_SLOT), value 0
Event: time 1778066744.020820, type 3 (EV_ABS), code 57 (ABS_MT_TRACKING_ID), value 1391
Event: time 1778066744.020820, type 3 (EV_ABS), code 53 (ABS_MT_POSITION_X), value 384
Event: time 1778066744.020820, type 3 (EV_ABS), code 54 (ABS_MT_POSITION_Y), value 731
Event: time 1778066744.020820, type 3 (EV_ABS), code 58 (ABS_MT_PRESSURE), value 34
Event: time 1778066744.020820, type 3 (EV_ABS), code 48 (ABS_MT_TOUCH_MAJOR), value 8
Event: time 1778066744.020820, type 3 (EV_ABS), code 49 (ABS_MT_TOUCH_MINOR), value 8
Event: time 1778066744.020820, type 3 (EV_ABS), code 52 (ABS_MT_ORIENTATION), value 1
Event: time 1778066744.020820, -------------- SYN_REPORT ------------
Event: time 1778066744.045577, type 3 (EV_ABS), code 54 (ABS_MT_POSITION_Y), value 733
Event: time 1778066744.045577, type 3 (EV_ABS), code 58 (ABS_MT_PRESSURE), value 32
Event: time 1778066744.045577, type 3 (EV_ABS), code 47 (ABS_MT_SLOT), value 1
Event: time 1778066744.045577, type 3 (EV_ABS), code 57 (ABS_MT_TRACKING_ID), value 1392
Event: time 1778066744.045577, type 3 (EV_ABS), code 53 (ABS_MT_POSITION_X), value 774
Event: time 1778066744.045577, type 3 (EV_ABS), code 54 (ABS_MT_POSITION_Y), value 1117
Event: time 1778066744.045577, type 3 (EV_ABS), code 58 (ABS_MT_PRESSURE), value 78
Event: time 1778066744.045577, -------------- SYN_REPORT ------------
Event: time 1778066744.057404, type 3 (EV_ABS), code 47 (ABS_MT_SLOT), value 0
Event: time 1778066744.057404, type 3 (EV_ABS), code 53 (ABS_MT_POSITION_X), value 385
Event: time 1778066744.057404, type 3 (EV_ABS), code 54 (ABS_MT_POSITION_Y), value 738
Event: time 1778066744.057404, type 3 (EV_ABS), code 58 (ABS_MT_PRESSURE), value 30
Event: time 1778066744.057404, type 3 (EV_ABS), code 48 (ABS_MT_TOUCH_MAJOR), value 17
Event: time 1778066744.057404, type 3 (EV_ABS), code 49 (ABS_MT_TOUCH_MINOR), value 17
Event: time 1778066744.057404, type 3 (EV_ABS), code 52 (ABS_MT_ORIENTATION), value 3
Event: time 1778066744.057404, -------------- SYN_REPORT ------------
Event: time 1778066744.069191, type 3 (EV_ABS), code 53 (ABS_MT_POSITION_X), value 387
Event: time 1778066744.069191, type 3 (EV_ABS), code 54 (ABS_MT_POSITION_Y), value 745
Event: time 1778066744.069191, type 3 (EV_ABS), code 48 (ABS_MT_TOUCH_MAJOR), value 8
Event: time 1778066744.069191, type 3 (EV_ABS), code 52 (ABS_MT_ORIENTATION), value 2
Event: time 1778066744.069191, -------------- SYN_REPORT ------------
Event: time 1778066744.080970, type 3 (EV_ABS), code 53 (ABS_MT_POSITION_X), value 389
Event: time 1778066744.080970, type 3 (EV_ABS), code 54 (ABS_MT_POSITION_Y), value 753
Event: time 1778066744.080970, type 3 (EV_ABS), code 58 (ABS_MT_PRESSURE), value 33
Event: time 1778066744.080970, -------------- SYN_REPORT ------------
Event: time 1778066744.092773, type 3 (EV_ABS), code 53 (ABS_MT_POSITION_X), value 390
Event: time 1778066744.092773, type 3 (EV_ABS), code 54 (ABS_MT_POSITION_Y), value 762
Event: time 1778066744.092773, -------------- SYN_REPORT ------------
Event: time 1778066744.104574, type 3 (EV_ABS), code 53 (ABS_MT_POSITION_X), value 393
Event: time 1778066744.104574, type 3 (EV_ABS), code 54 (ABS_MT_POSITION_Y), value 771
Event: time 1778066744.104574, type 3 (EV_ABS), code 58 (ABS_MT_PRESSURE), value 32
Event: time 1778066744.104574, type 3 (EV_ABS), code 48 (ABS_MT_TOUCH_MAJOR), value 17
Event: time 1778066744.104574, type 3 (EV_ABS), code 52 (ABS_MT_ORIENTATION), value 3
Event: time 1778066744.104574, -------------- SYN_REPORT ------------
Event: time 1778066744.116368, type 3 (EV_ABS), code 53 (ABS_MT_POSITION_X), value 394
Event: time 1778066744.116368, type 3 (EV_ABS), code 54 (ABS_MT_POSITION_Y), value 782
Event: time 1778066744.116368, type 3 (EV_ABS), code 58 (ABS_MT_PRESSURE), value 34
Event: time 1778066744.116368, -------------- SYN_REPORT ------------
Event: time 1778066744.128133, type 3 (EV_ABS), code 53 (ABS_MT_POSITION_X), value 395
Event: time 1778066744.128133, type 3 (EV_ABS), code 54 (ABS_MT_POSITION_Y), value 793
Event: time 1778066744.128133, type 3 (EV_ABS), code 58 (ABS_MT_PRESSURE), value 37
Event: time 1778066744.128133, type 3 (EV_ABS), code 48 (ABS_MT_TOUCH_MAJOR), value 8
Event: time 1778066744.128133, type 3 (EV_ABS), code 52 (ABS_MT_ORIENTATION), value 2
Event: time 1778066744.128133, -------------- SYN_REPORT ------------
Event: time 1778066744.139933, type 3 (EV_ABS), code 54 (ABS_MT_POSITION_Y), value 803
Event: time 1778066744.139933, type 3 (EV_ABS), code 58 (ABS_MT_PRESSURE), value 41
Event: time 1778066744.139933, -------------- SYN_REPORT ------------
Event: time 1778066744.151712, type 3 (EV_ABS), code 54 (ABS_MT_POSITION_Y), value 811
Event: time 1778066744.151712, type 3 (EV_ABS), code 58 (ABS_MT_PRESSURE), value 42
Event: time 1778066744.151712, -------------- SYN_REPORT ------------
Event: time 1778066744.163522, type 3 (EV_ABS), code 54 (ABS_MT_POSITION_Y), value 819
Event: time 1778066744.163522, type 3 (EV_ABS), code 58 (ABS_MT_PRESSURE), value 40
Event: time 1778066744.163522, type 3 (EV_ABS), code 47 (ABS_MT_SLOT), value 1
Event: time 1778066744.163522, type 3 (EV_ABS), code 53 (ABS_MT_POSITION_X), value 776
Event: time 1778066744.163522, type 3 (EV_ABS), code 58 (ABS_MT_PRESSURE), value 82
Event: time 1778066744.163522, -------------- SYN_REPORT ------------
Event: time 1778066744.175324, type 3 (EV_ABS), code 47 (ABS_MT_SLOT), value 0
Event: time 1778066744.175324, type 3 (EV_ABS), code 54 (ABS_MT_POSITION_Y), value 827
Event: time 1778066744.175324, type 3 (EV_ABS), code 58 (ABS_MT_PRESSURE), value 42
Event: time 1778066744.175324, type 3 (EV_ABS), code 48 (ABS_MT_TOUCH_MAJOR), value 17
Event: time 1778066744.175324, type 3 (EV_ABS), code 52 (ABS_MT_ORIENTATION), value 3
Event: time 1778066744.175324, type 3 (EV_ABS), code 47 (ABS_MT_SLOT), value 1
Event: time 1778066744.175324, type 3 (EV_ABS), code 53 (ABS_MT_POSITION_X), value 777
Event: time 1778066744.175324, type 3 (EV_ABS), code 54 (ABS_MT_POSITION_Y), value 1115
Event: time 1778066744.175324, type 3 (EV_ABS), code 58 (ABS_MT_PRESSURE), value 80
Event: time 1778066744.175324, -------------- SYN_REPORT ------------
Event: time 1778066744.187081, type 3 (EV_ABS), code 47 (ABS_MT_SLOT), value 0
Event: time 1778066744.187081, type 3 (EV_ABS), code 53 (ABS_MT_POSITION_X), value 394
Event: time 1778066744.187081, type 3 (EV_ABS), code 54 (ABS_MT_POSITION_Y), value 837
Event: time 1778066744.187081, type 3 (EV_ABS), code 48 (ABS_MT_TOUCH_MAJOR), value 8
Event: time 1778066744.187081, type 3 (EV_ABS), code 49 (ABS_MT_TOUCH_MINOR), value 8
Event: time 1778066744.187081, type 3 (EV_ABS), code 52 (ABS_MT_ORIENTATION), value 1
Event: time 1778066744.187081, type 3 (EV_ABS), code 47 (ABS_MT_SLOT), value 1
Event: time 1778066744.187081, type 3 (EV_ABS), code 54 (ABS_MT_POSITION_Y), value 1114
Event: time 1778066744.187081, type 3 (EV_ABS), code 58 (ABS_MT_PRESSURE), value 81
Event: time 1778066744.187081, -------------- SYN_REPORT ------------
Event: time 1778066744.198882, type 3 (EV_ABS), code 47 (ABS_MT_SLOT), value 0
Event: time 1778066744.198882, type 3 (EV_ABS), code 54 (ABS_MT_POSITION_Y), value 848
Event: time 1778066744.198882, type 3 (EV_ABS), code 58 (ABS_MT_PRESSURE), value 47
Event: time 1778066744.198882, type 3 (EV_ABS), code 49 (ABS_MT_TOUCH_MINOR), value 17
Event: time 1778066744.198882, type 3 (EV_ABS), code 52 (ABS_MT_ORIENTATION), value 2
Event: time 1778066744.198882, type 3 (EV_ABS), code 47 (ABS_MT_SLOT), value 1
Event: time 1778066744.198882, type 3 (EV_ABS), code 53 (ABS_MT_POSITION_X), value 778
Event: time 1778066744.198882, type 3 (EV_ABS), code 54 (ABS_MT_POSITION_Y), value 1111
Event: time 1778066744.198882, type 3 (EV_ABS), code 58 (ABS_MT_PRESSURE), value 80
Event: time 1778066744.198882, -------------- SYN_REPORT ------------
Event: time 1778066744.210714, type 3 (EV_ABS), code 47 (ABS_MT_SLOT), value 0
Event: time 1778066744.210714, type 3 (EV_ABS), code 54 (ABS_MT_POSITION_Y), value 859
Event: time 1778066744.210714, type 3 (EV_ABS), code 47 (ABS_MT_SLOT), value 1
Event: time 1778066744.210714, type 3 (EV_ABS), code 54 (ABS_MT_POSITION_Y), value 1108
Event: time 1778066744.210714, type 3 (EV_ABS), code 58 (ABS_MT_PRESSURE), value 79
Event: time 1778066744.210714, type 3 (EV_ABS), code 48 (ABS_MT_TOUCH_MAJOR), value 8
Event: time 1778066744.210714, type 3 (EV_ABS), code 52 (ABS_MT_ORIENTATION), value 1
Event: time 1778066744.210714, -------------- SYN_REPORT ------------
Event: time 1778066744.222508, type 3 (EV_ABS), code 47 (ABS_MT_SLOT), value 0
Event: time 1778066744.222508, type 3 (EV_ABS), code 54 (ABS_MT_POSITION_Y), value 869
Event: time 1778066744.222508, type 3 (EV_ABS), code 58 (ABS_MT_PRESSURE), value 44
Event: time 1778066744.222508, type 3 (EV_ABS), code 48 (ABS_MT_TOUCH_MAJOR), value 17
Event: time 1778066744.222508, type 3 (EV_ABS), code 52 (ABS_MT_ORIENTATION), value 3
Event: time 1778066744.222508, type 3 (EV_ABS), code 47 (ABS_MT_SLOT), value 1
Event: time 1778066744.222508, type 3 (EV_ABS), code 53 (ABS_MT_POSITION_X), value 779
Event: time 1778066744.222508, type 3 (EV_ABS), code 54 (ABS_MT_POSITION_Y), value 1105
Event: time 1778066744.222508, type 3 (EV_ABS), code 58 (ABS_MT_PRESSURE), value 80
Event: time 1778066744.222508, -------------- SYN_REPORT ------------
Event: time 1778066744.234313, type 3 (EV_ABS), code 47 (ABS_MT_SLOT), value 0
Event: time 1778066744.234313, type 3 (EV_ABS), code 54 (ABS_MT_POSITION_Y), value 880
Event: time 1778066744.234313, type 3 (EV_ABS), code 58 (ABS_MT_PRESSURE), value 46
Event: time 1778066744.234313, type 3 (EV_ABS), code 52 (ABS_MT_ORIENTATION), value 4
Event: time 1778066744.234313, type 3 (EV_ABS), code 47 (ABS_MT_SLOT), value 1
Event: time 1778066744.234313, type 3 (EV_ABS), code 54 (ABS_MT_POSITION_Y), value 1102
Event: time 1778066744.234313, type 3 (EV_ABS), code 58 (ABS_MT_PRESSURE), value 75
Event: time 1778066744.234313, -------------- SYN_REPORT ------------
Event: time 1778066744.246057, type 3 (EV_ABS), code 47 (ABS_MT_SLOT), value 0
Event: time 1778066744.246057, type 3 (EV_ABS), code 54 (ABS_MT_POSITION_Y), value 890
Event: time 1778066744.246057, type 3 (EV_ABS), code 58 (ABS_MT_PRESSURE), value 47
Event: time 1778066744.246057, type 3 (EV_ABS), code 48 (ABS_MT_TOUCH_MAJOR), value 8
Event: time 1778066744.246057, type 3 (EV_ABS), code 52 (ABS_MT_ORIENTATION), value 2
Event: time 1778066744.246057, type 3 (EV_ABS), code 47 (ABS_MT_SLOT), value 1
Event: time 1778066744.246057, type 3 (EV_ABS), code 54 (ABS_MT_POSITION_Y), value 1097
Event: time 1778066744.246057, type 3 (EV_ABS), code 58 (ABS_MT_PRESSURE), value 78
Event: time 1778066744.246057, -------------- SYN_REPORT ------------
Event: time 1778066744.257875, type 3 (EV_ABS), code 47 (ABS_MT_SLOT), value 0
Event: time 1778066744.257875, type 3 (EV_ABS), code 54 (ABS_MT_POSITION_Y), value 899
Event: time 1778066744.257875, type 3 (EV_ABS), code 58 (ABS_MT_PRESSURE), value 50
Event: time 1778066744.257875, type 3 (EV_ABS), code 47 (ABS_MT_SLOT), value 1
Event: time 1778066744.257875, type 3 (EV_ABS), code 54 (ABS_MT_POSITION_Y), value 1091
Event: time 1778066744.257875, type 3 (EV_ABS), code 58 (ABS_MT_PRESSURE), value 80
Event: time 1778066744.257875, -------------- SYN_REPORT ------------
Event: time 1778066744.269674, type 3 (EV_ABS), code 47 (ABS_MT_SLOT), value 0
Event: time 1778066744.269674, type 3 (EV_ABS), code 54 (ABS_MT_POSITION_Y), value 908
Event: time 1778066744.269674, type 3 (EV_ABS), code 58 (ABS_MT_PRESSURE), value 54
Event: time 1778066744.269674, type 3 (EV_ABS), code 47 (ABS_MT_SLOT), value 1
Event: time 1778066744.269674, type 3 (EV_ABS), code 54 (ABS_MT_POSITION_Y), value 1085
Event: time 1778066744.269674, type 3 (EV_ABS), code 58 (ABS_MT_PRESSURE), value 83
Event: time 1778066744.269674, type 3 (EV_ABS), code 48 (ABS_MT_TOUCH_MAJOR), value 17
Event: time 1778066744.269674, type 3 (EV_ABS), code 52 (ABS_MT_ORIENTATION), value 2
Event: time 1778066744.269674, -------------- SYN_REPORT ------------
Event: time 1778066744.281466, type 3 (EV_ABS), code 47 (ABS_MT_SLOT), value 0
Event: time 1778066744.281466, type 3 (EV_ABS), code 53 (ABS_MT_POSITION_X), value 395
Event: time 1778066744.281466, type 3 (EV_ABS), code 54 (ABS_MT_POSITION_Y), value 917
Event: time 1778066744.281466, type 3 (EV_ABS), code 58 (ABS_MT_PRESSURE), value 52
Event: time 1778066744.281466, type 3 (EV_ABS), code 47 (ABS_MT_SLOT), value 1
Event: time 1778066744.281466, type 3 (EV_ABS), code 53 (ABS_MT_POSITION_X), value 778
Event: time 1778066744.281466, type 3 (EV_ABS), code 54 (ABS_MT_POSITION_Y), value 1078
Event: time 1778066744.281466, type 3 (EV_ABS), code 58 (ABS_MT_PRESSURE), value 81
Event: time 1778066744.281466, -------------- SYN_REPORT ------------
Event: time 1778066744.293261, type 3 (EV_ABS), code 47 (ABS_MT_SLOT), value 0
Event: time 1778066744.293261, type 3 (EV_ABS), code 53 (ABS_MT_POSITION_X), value 397
Event: time 1778066744.293261, type 3 (EV_ABS), code 54 (ABS_MT_POSITION_Y), value 926
Event: time 1778066744.293261, type 3 (EV_ABS), code 58 (ABS_MT_PRESSURE), value 54
Event: time 1778066744.293261, type 3 (EV_ABS), code 47 (ABS_MT_SLOT), value 1
Event: time 1778066744.293261, type 3 (EV_ABS), code 53 (ABS_MT_POSITION_X), value 777
Event: time 1778066744.293261, type 3 (EV_ABS), code 54 (ABS_MT_POSITION_Y), value 1070
Event: time 1778066744.293261, type 3 (EV_ABS), code 58 (ABS_MT_PRESSURE), value 75
Event: time 1778066744.293261, type 3 (EV_ABS), code 48 (ABS_MT_TOUCH_MAJOR), value 8
Event: time 1778066744.293261, type 3 (EV_ABS), code 52 (ABS_MT_ORIENTATION), value 1
Event: time 1778066744.293261, -------------- SYN_REPORT ------------
Event: time 1778066744.305095, type 3 (EV_ABS), code 47 (ABS_MT_SLOT), value 0
Event: time 1778066744.305095, type 3 (EV_ABS), code 53 (ABS_MT_POSITION_X), value 398
Event: time 1778066744.305095, type 3 (EV_ABS), code 54 (ABS_MT_POSITION_Y), value 934
Event: time 1778066744.305095, type 3 (EV_ABS), code 58 (ABS_MT_PRESSURE), value 55
Event: time 1778066744.305095, type 3 (EV_ABS), code 48 (ABS_MT_TOUCH_MAJOR), value 17
Event: time 1778066744.305095, type 3 (EV_ABS), code 52 (ABS_MT_ORIENTATION), value 4
Event: time 1778066744.305095, type 3 (EV_ABS), code 47 (ABS_MT_SLOT), value 1
Event: time 1778066744.305095, type 3 (EV_ABS), code 53 (ABS_MT_POSITION_X), value 775
Event: time 1778066744.305095, type 3 (EV_ABS), code 54 (ABS_MT_POSITION_Y), value 1061
Event: time 1778066744.305095, type 3 (EV_ABS), code 58 (ABS_MT_PRESSURE), value 74
Event: time 1778066744.305095, -------------- SYN_REPORT ------------
Event: time 1778066744.316877, type 3 (EV_ABS), code 47 (ABS_MT_SLOT), value 0
Event: time 1778066744.316877, type 3 (EV_ABS), code 53 (ABS_MT_POSITION_X), value 399
Event: time 1778066744.316877, type 3 (EV_ABS), code 54 (ABS_MT_POSITION_Y), value 940
Event: time 1778066744.316877, type 3 (EV_ABS), code 58 (ABS_MT_PRESSURE), value 56
Event: time 1778066744.316877, type 3 (EV_ABS), code 52 (ABS_MT_ORIENTATION), value 3
Event: time 1778066744.316877, type 3 (EV_ABS), code 47 (ABS_MT_SLOT), value 1
Event: time 1778066744.316877, type 3 (EV_ABS), code 53 (ABS_MT_POSITION_X), value 774
Event: time 1778066744.316877, type 3 (EV_ABS), code 54 (ABS_MT_POSITION_Y), value 1051
Event: time 1778066744.316877, type 3 (EV_ABS), code 58 (ABS_MT_PRESSURE), value 78
Event: time 1778066744.316877, type 3 (EV_ABS), code 48 (ABS_MT_TOUCH_MAJOR), value 17
Event: time 1778066744.316877, type 3 (EV_ABS), code 52 (ABS_MT_ORIENTATION), value 2
Event: time 1778066744.316877, -------------- SYN_REPORT ------------
Event: time 1778066744.328655, type 3 (EV_ABS), code 47 (ABS_MT_SLOT), value 0
Event: time 1778066744.328655, type 3 (EV_ABS), code 53 (ABS_MT_POSITION_X), value 401
Event: time 1778066744.328655, type 3 (EV_ABS), code 54 (ABS_MT_POSITION_Y), value 946
Event: time 1778066744.328655, type 3 (EV_ABS), code 58 (ABS_MT_PRESSURE), value 57
Event: time 1778066744.328655, type 3 (EV_ABS), code 47 (ABS_MT_SLOT), value 1
Event: time 1778066744.328655, type 3 (EV_ABS), code 53 (ABS_MT_POSITION_X), value 771
Event: time 1778066744.328655, type 3 (EV_ABS), code 54 (ABS_MT_POSITION_Y), value 1040
Event: time 1778066744.328655, -------------- SYN_REPORT ------------
Event: time 1778066744.340446, type 3 (EV_ABS), code 47 (ABS_MT_SLOT), value 0
Event: time 1778066744.340446, type 3 (EV_ABS), code 53 (ABS_MT_POSITION_X), value 402
Event: time 1778066744.340446, type 3 (EV_ABS), code 54 (ABS_MT_POSITION_Y), value 950
Event: time 1778066744.340446, type 3 (EV_ABS), code 58 (ABS_MT_PRESSURE), value 60
Event: time 1778066744.340446, type 3 (EV_ABS), code 47 (ABS_MT_SLOT), value 1
Event: time 1778066744.340446, type 3 (EV_ABS), code 53 (ABS_MT_POSITION_X), value 768
Event: time 1778066744.340446, type 3 (EV_ABS), code 54 (ABS_MT_POSITION_Y), value 1029
Event: time 1778066744.340446, type 3 (EV_ABS), code 58 (ABS_MT_PRESSURE), value 75
Event: time 1778066744.340446, type 3 (EV_ABS), code 48 (ABS_MT_TOUCH_MAJOR), value 8
Event: time 1778066744.340446, type 3 (EV_ABS), code 49 (ABS_MT_TOUCH_MINOR), value 17
Event: time 1778066744.340446, -------------- SYN_REPORT ------------
Event: time 1778066744.352250, type 3 (EV_ABS), code 47 (ABS_MT_SLOT), value 0
Event: time 1778066744.352250, type 3 (EV_ABS), code 53 (ABS_MT_POSITION_X), value 404
Event: time 1778066744.352250, type 3 (EV_ABS), code 54 (ABS_MT_POSITION_Y), value 954
Event: time 1778066744.352250, type 3 (EV_ABS), code 47 (ABS_MT_SLOT), value 1
Event: time 1778066744.352250, type 3 (EV_ABS), code 53 (ABS_MT_POSITION_X), value 766
Event: time 1778066744.352250, type 3 (EV_ABS), code 54 (ABS_MT_POSITION_Y), value 1018
Event: time 1778066744.352250, type 3 (EV_ABS), code 58 (ABS_MT_PRESSURE), value 72
Event: time 1778066744.352250, -------------- SYN_REPORT ------------
Event: time 1778066744.364096, type 3 (EV_ABS), code 47 (ABS_MT_SLOT), value 0
Event: time 1778066744.364096, type 3 (EV_ABS), code 53 (ABS_MT_POSITION_X), value 407
Event: time 1778066744.364096, type 3 (EV_ABS), code 54 (ABS_MT_POSITION_Y), value 958
Event: time 1778066744.364096, type 3 (EV_ABS), code 49 (ABS_MT_TOUCH_MINOR), value 8
Event: time 1778066744.364096, type 3 (EV_ABS), code 52 (ABS_MT_ORIENTATION), value 2
Event: time 1778066744.364096, type 3 (EV_ABS), code 47 (ABS_MT_SLOT), value 1
Event: time 1778066744.364096, type 3 (EV_ABS), code 53 (ABS_MT_POSITION_X), value 763
Event: time 1778066744.364096, type 3 (EV_ABS), code 54 (ABS_MT_POSITION_Y), value 1005
Event: time 1778066744.364096, type 3 (EV_ABS), code 58 (ABS_MT_PRESSURE), value 75
Event: time 1778066744.364096, type 3 (EV_ABS), code 48 (ABS_MT_TOUCH_MAJOR), value 17
Event: time 1778066744.364096, type 3 (EV_ABS), code 52 (ABS_MT_ORIENTATION), value 4
Event: time 1778066744.364096, -------------- SYN_REPORT ------------
Event: time 1778066744.375860, type 3 (EV_ABS), code 47 (ABS_MT_SLOT), value 0
Event: time 1778066744.375860, type 3 (EV_ABS), code 53 (ABS_MT_POSITION_X), value 410
Event: time 1778066744.375860, type 3 (EV_ABS), code 54 (ABS_MT_POSITION_Y), value 961
Event: time 1778066744.375860, type 3 (EV_ABS), code 58 (ABS_MT_PRESSURE), value 59
Event: time 1778066744.375860, type 3 (EV_ABS), code 48 (ABS_MT_TOUCH_MAJOR), value 8
Event: time 1778066744.375860, type 3 (EV_ABS), code 52 (ABS_MT_ORIENTATION), value 1
Event: time 1778066744.375860, type 3 (EV_ABS), code 47 (ABS_MT_SLOT), value 1
Event: time 1778066744.375860, type 3 (EV_ABS), code 53 (ABS_MT_POSITION_X), value 760
Event: time 1778066744.375860, type 3 (EV_ABS), code 54 (ABS_MT_POSITION_Y), value 993
Event: time 1778066744.375860, type 3 (EV_ABS), code 58 (ABS_MT_PRESSURE), value 78
Event: time 1778066744.375860, -------------- SYN_REPORT ------------
Event: time 1778066744.387437, type 3 (EV_ABS), code 47 (ABS_MT_SLOT), value 0
Event: time 1778066744.387437, type 3 (EV_ABS), code 53 (ABS_MT_POSITION_X), value 414
Event: time 1778066744.387437, type 3 (EV_ABS), code 54 (ABS_MT_POSITION_Y), value 965
Event: time 1778066744.387437, type 3 (EV_ABS), code 47 (ABS_MT_SLOT), value 1
Event: time 1778066744.387437, type 3 (EV_ABS), code 53 (ABS_MT_POSITION_X), value 758
Event: time 1778066744.387437, type 3 (EV_ABS), code 54 (ABS_MT_POSITION_Y), value 980
Event: time 1778066744.387437, type 3 (EV_ABS), code 48 (ABS_MT_TOUCH_MAJOR), value 8
Event: time 1778066744.387437, type 3 (EV_ABS), code 52 (ABS_MT_ORIENTATION), value 2
Event: time 1778066744.387437, -------------- SYN_REPORT ------------
Event: time 1778066744.399340, type 3 (EV_ABS), code 47 (ABS_MT_SLOT), value 0
Event: time 1778066744.399340, type 3 (EV_ABS), code 53 (ABS_MT_POSITION_X), value 418
Event: time 1778066744.399340, type 3 (EV_ABS), code 54 (ABS_MT_POSITION_Y), value 969
Event: time 1778066744.399340, type 3 (EV_ABS), code 47 (ABS_MT_SLOT), value 1
Event: time 1778066744.399340, type 3 (EV_ABS), code 53 (ABS_MT_POSITION_X), value 755
Event: time 1778066744.399340, type 3 (EV_ABS), code 54 (ABS_MT_POSITION_Y), value 967
Event: time 1778066744.399340, type 3 (EV_ABS), code 58 (ABS_MT_PRESSURE), value 77
Event: time 1778066744.399340, -------------- SYN_REPORT ------------
Event: time 1778066744.411200, type 3 (EV_ABS), code 47 (ABS_MT_SLOT), value 0
Event: time 1778066744.411200, type 3 (EV_ABS), code 53 (ABS_MT_POSITION_X), value 423
Event: time 1778066744.411200, type 3 (EV_ABS), code 54 (ABS_MT_POSITION_Y), value 973
Event: time 1778066744.411200, type 3 (EV_ABS), code 49 (ABS_MT_TOUCH_MINOR), value 17
Event: time 1778066744.411200, type 3 (EV_ABS), code 52 (ABS_MT_ORIENTATION), value 2
Event: time 1778066744.411200, type 3 (EV_ABS), code 47 (ABS_MT_SLOT), value 1
Event: time 1778066744.411200, type 3 (EV_ABS), code 53 (ABS_MT_POSITION_X), value 752
Event: time 1778066744.411200, type 3 (EV_ABS), code 54 (ABS_MT_POSITION_Y), value 954
Event: time 1778066744.411200, type 3 (EV_ABS), code 58 (ABS_MT_PRESSURE), value 83
Event: time 1778066744.411200, type 3 (EV_ABS), code 48 (ABS_MT_TOUCH_MAJOR), value 17
Event: time 1778066744.411200, type 3 (EV_ABS), code 52 (ABS_MT_ORIENTATION), value 3
Event: time 1778066744.411200, -------------- SYN_REPORT ------------
Event: time 1778066744.422978, type 3 (EV_ABS), code 47 (ABS_MT_SLOT), value 0
Event: time 1778066744.422978, type 3 (EV_ABS), code 53 (ABS_MT_POSITION_X), value 428
Event: time 1778066744.422978, type 3 (EV_ABS), code 54 (ABS_MT_POSITION_Y), value 977
Event: time 1778066744.422978, type 3 (EV_ABS), code 58 (ABS_MT_PRESSURE), value 57
Event: time 1778066744.422978, type 3 (EV_ABS), code 47 (ABS_MT_SLOT), value 1
Event: time 1778066744.422978, type 3 (EV_ABS), code 53 (ABS_MT_POSITION_X), value 748
Event: time 1778066744.422978, type 3 (EV_ABS), code 54 (ABS_MT_POSITION_Y), value 942
Event: time 1778066744.422978, type 3 (EV_ABS), code 58 (ABS_MT_PRESSURE), value 87
Event: time 1778066744.422978, -------------- SYN_REPORT ------------
Event: time 1778066744.434724, type 3 (EV_ABS), code 47 (ABS_MT_SLOT), value 0
Event: time 1778066744.434724, type 3 (EV_ABS), code 53 (ABS_MT_POSITION_X), value 434
Event: time 1778066744.434724, type 3 (EV_ABS), code 54 (ABS_MT_POSITION_Y), value 981
Event: time 1778066744.434724, type 3 (EV_ABS), code 58 (ABS_MT_PRESSURE), value 58
Event: time 1778066744.434724, type 3 (EV_ABS), code 47 (ABS_MT_SLOT), value 1
Event: time 1778066744.434724, type 3 (EV_ABS), code 53 (ABS_MT_POSITION_X), value 744
Event: time 1778066744.434724, type 3 (EV_ABS), code 54 (ABS_MT_POSITION_Y), value 930
Event: time 1778066744.434724, type 3 (EV_ABS), code 58 (ABS_MT_PRESSURE), value 84
Event: time 1778066744.434724, type 3 (EV_ABS), code 48 (ABS_MT_TOUCH_MAJOR), value 8
Event: time 1778066744.434724, type 3 (EV_ABS), code 49 (ABS_MT_TOUCH_MINOR), value 8
Event: time 1778066744.434724, type 3 (EV_ABS), code 52 (ABS_MT_ORIENTATION), value 1
Event: time 1778066744.434724, -------------- SYN_REPORT ------------
Event: time 1778066744.446493, type 3 (EV_ABS), code 47 (ABS_MT_SLOT), value 0
Event: time 1778066744.446493, type 3 (EV_ABS), code 53 (ABS_MT_POSITION_X), value 441
Event: time 1778066744.446493, type 3 (EV_ABS), code 54 (ABS_MT_POSITION_Y), value 986
Event: time 1778066744.446493, type 3 (EV_ABS), code 58 (ABS_MT_PRESSURE), value 60
Event: time 1778066744.446493, type 3 (EV_ABS), code 49 (ABS_MT_TOUCH_MINOR), value 8
Event: time 1778066744.446493, type 3 (EV_ABS), code 52 (ABS_MT_ORIENTATION), value 1
Event: time 1778066744.446493, type 3 (EV_ABS), code 47 (ABS_MT_SLOT), value 1
Event: time 1778066744.446493, type 3 (EV_ABS), code 53 (ABS_MT_POSITION_X), value 739
Event: time 1778066744.446493, type 3 (EV_ABS), code 54 (ABS_MT_POSITION_Y), value 917
Event: time 1778066744.446493, type 3 (EV_ABS), code 58 (ABS_MT_PRESSURE), value 80
Event: time 1778066744.446493, -------------- SYN_REPORT ------------
Event: time 1778066744.458326, type 3 (EV_ABS), code 47 (ABS_MT_SLOT), value 0
Event: time 1778066744.458326, type 3 (EV_ABS), code 53 (ABS_MT_POSITION_X), value 448
Event: time 1778066744.458326, type 3 (EV_ABS), code 54 (ABS_MT_POSITION_Y), value 990
Event: time 1778066744.458326, type 3 (EV_ABS), code 58 (ABS_MT_PRESSURE), value 63
Event: time 1778066744.458326, type 3 (EV_ABS), code 48 (ABS_MT_TOUCH_MAJOR), value 17
Event: time 1778066744.458326, type 3 (EV_ABS), code 52 (ABS_MT_ORIENTATION), value 2
Event: time 1778066744.458326, type 3 (EV_ABS), code 47 (ABS_MT_SLOT), value 1
Event: time 1778066744.458326, type 3 (EV_ABS), code 53 (ABS_MT_POSITION_X), value 734
Event: time 1778066744.458326, type 3 (EV_ABS), code 54 (ABS_MT_POSITION_Y), value 905
Event: time 1778066744.458326, type 3 (EV_ABS), code 58 (ABS_MT_PRESSURE), value 85
Event: time 1778066744.458326, type 3 (EV_ABS), code 48 (ABS_MT_TOUCH_MAJOR), value 17
Event: time 1778066744.458326, type 3 (EV_ABS), code 52 (ABS_MT_ORIENTATION), value 2
Event: time 1778066744.458326, -------------- SYN_REPORT ------------
Event: time 1778066744.469951, type 3 (EV_ABS), code 47 (ABS_MT_SLOT), value 0
Event: time 1778066744.469951, type 3 (EV_ABS), code 53 (ABS_MT_POSITION_X), value 456
Event: time 1778066744.469951, type 3 (EV_ABS), code 54 (ABS_MT_POSITION_Y), value 995
Event: time 1778066744.469951, type 3 (EV_ABS), code 58 (ABS_MT_PRESSURE), value 65
Event: time 1778066744.469951, type 3 (EV_ABS), code 47 (ABS_MT_SLOT), value 1
Event: time 1778066744.469951, type 3 (EV_ABS), code 53 (ABS_MT_POSITION_X), value 729
Event: time 1778066744.469951, type 3 (EV_ABS), code 54 (ABS_MT_POSITION_Y), value 893
Event: time 1778066744.469951, type 3 (EV_ABS), code 58 (ABS_MT_PRESSURE), value 86
Event: time 1778066744.469951, -------------- SYN_REPORT ------------
Event: time 1778066744.481899, type 3 (EV_ABS), code 47 (ABS_MT_SLOT), value 0
Event: time 1778066744.481899, type 3 (EV_ABS), code 53 (ABS_MT_POSITION_X), value 463
Event: time 1778066744.481899, type 3 (EV_ABS), code 54 (ABS_MT_POSITION_Y), value 998
Event: time 1778066744.481899, type 3 (EV_ABS), code 58 (ABS_MT_PRESSURE), value 67
Event: time 1778066744.481899, type 3 (EV_ABS), code 47 (ABS_MT_SLOT), value 1
Event: time 1778066744.481899, type 3 (EV_ABS), code 53 (ABS_MT_POSITION_X), value 723
Event: time 1778066744.481899, type 3 (EV_ABS), code 54 (ABS_MT_POSITION_Y), value 881
Event: time 1778066744.481899, type 3 (EV_ABS), code 48 (ABS_MT_TOUCH_MAJOR), value 8
Event: time 1778066744.481899, type 3 (EV_ABS), code 49 (ABS_MT_TOUCH_MINOR), value 17
Event: time 1778066744.481899, -------------- SYN_REPORT ------------
Event: time 1778066744.493693, type 3 (EV_ABS), code 47 (ABS_MT_SLOT), value 0
Event: time 1778066744.493693, type 3 (EV_ABS), code 53 (ABS_MT_POSITION_X), value 467
Event: time 1778066744.493693, type 3 (EV_ABS), code 54 (ABS_MT_POSITION_Y), value 1001
Event: time 1778066744.493693, type 3 (EV_ABS), code 58 (ABS_MT_PRESSURE), value 68
Event: time 1778066744.493693, type 3 (EV_ABS), code 47 (ABS_MT_SLOT), value 1
Event: time 1778066744.493693, type 3 (EV_ABS), code 53 (ABS_MT_POSITION_X), value 717
Event: time 1778066744.493693, type 3 (EV_ABS), code 54 (ABS_MT_POSITION_Y), value 870
Event: time 1778066744.493693, type 3 (EV_ABS), code 58 (ABS_MT_PRESSURE), value 83
Event: time 1778066744.493693, -------------- SYN_REPORT ------------
Event: time 1778066744.505471, type 3 (EV_ABS), code 47 (ABS_MT_SLOT), value 0
Event: time 1778066744.505471, type 3 (EV_ABS), code 53 (ABS_MT_POSITION_X), value 471
Event: time 1778066744.505471, type 3 (EV_ABS), code 54 (ABS_MT_POSITION_Y), value 1003
Event: time 1778066744.505471, type 3 (EV_ABS), code 58 (ABS_MT_PRESSURE), value 70
Event: time 1778066744.505471, type 3 (EV_ABS), code 47 (ABS_MT_SLOT), value 1
Event: time 1778066744.505471, type 3 (EV_ABS), code 53 (ABS_MT_POSITION_X), value 711
Event: time 1778066744.505471, type 3 (EV_ABS), code 54 (ABS_MT_POSITION_Y), value 859
Event: time 1778066744.505471, type 3 (EV_ABS), code 58 (ABS_MT_PRESSURE), value 84
Event: time 1778066744.505471, -------------- SYN_REPORT ------------
Event: time 1778066744.517278, type 3 (EV_ABS), code 47 (ABS_MT_SLOT), value 0
Event: time 1778066744.517278, type 3 (EV_ABS), code 53 (ABS_MT_POSITION_X), value 474
Event: time 1778066744.517278, type 3 (EV_ABS), code 54 (ABS_MT_POSITION_Y), value 1005
Event: time 1778066744.517278, type 3 (EV_ABS), code 58 (ABS_MT_PRESSURE), value 72
Event: time 1778066744.517278, type 3 (EV_ABS), code 47 (ABS_MT_SLOT), value 1
Event: time 1778066744.517278, type 3 (EV_ABS), code 53 (ABS_MT_POSITION_X), value 703
Event: time 1778066744.517278, type 3 (EV_ABS), code 54 (ABS_MT_POSITION_Y), value 849
Event: time 1778066744.517278, type 3 (EV_ABS), code 58 (ABS_MT_PRESSURE), value 85
Event: time 1778066744.517278, type 3 (EV_ABS), code 48 (ABS_MT_TOUCH_MAJOR), value 17
Event: time 1778066744.517278, type 3 (EV_ABS), code 49 (ABS_MT_TOUCH_MINOR), value 8
Event: time 1778066744.517278, -------------- SYN_REPORT ------------
Event: time 1778066744.529054, type 3 (EV_ABS), code 47 (ABS_MT_SLOT), value 0
Event: time 1778066744.529054, type 3 (EV_ABS), code 53 (ABS_MT_POSITION_X), value 475
Event: time 1778066744.529054, type 3 (EV_ABS), code 54 (ABS_MT_POSITION_Y), value 1006
Event: time 1778066744.529054, type 3 (EV_ABS), code 58 (ABS_MT_PRESSURE), value 73
Event: time 1778066744.529054, type 3 (EV_ABS), code 47 (ABS_MT_SLOT), value 1
Event: time 1778066744.529054, type 3 (EV_ABS), code 53 (ABS_MT_POSITION_X), value 694
Event: time 1778066744.529054, type 3 (EV_ABS), code 54 (ABS_MT_POSITION_Y), value 840
Event: time 1778066744.529054, type 3 (EV_ABS), code 58 (ABS_MT_PRESSURE), value 86
Event: time 1778066744.529054, -------------- SYN_REPORT ------------
Event: time 1778066744.540918, type 3 (EV_ABS), code 47 (ABS_MT_SLOT), value 0
Event: time 1778066744.540918, type 3 (EV_ABS), code 53 (ABS_MT_POSITION_X), value 477
Event: time 1778066744.540918, type 3 (EV_ABS), code 54 (ABS_MT_POSITION_Y), value 1008
Event: time 1778066744.540918, type 3 (EV_ABS), code 58 (ABS_MT_PRESSURE), value 74
Event: time 1778066744.540918, type 3 (EV_ABS), code 47 (ABS_MT_SLOT), value 1
Event: time 1778066744.540918, type 3 (EV_ABS), code 53 (ABS_MT_POSITION_X), value 685
Event: time 1778066744.540918, type 3 (EV_ABS), code 54 (ABS_MT_POSITION_Y), value 832
Event: time 1778066744.540918, type 3 (EV_ABS), code 58 (ABS_MT_PRESSURE), value 85
Event: time 1778066744.540918, type 3 (EV_ABS), code 49 (ABS_MT_TOUCH_MINOR), value 17
Event: time 1778066744.540918, type 3 (EV_ABS), code 52 (ABS_MT_ORIENTATION), value 4
Event: time 1778066744.540918, -------------- SYN_REPORT ------------
Event: time 1778066744.552681, type 3 (EV_ABS), code 47 (ABS_MT_SLOT), value 0
Event: time 1778066744.552681, type 3 (EV_ABS), code 54 (ABS_MT_POSITION_Y), value 1009
Event: time 1778066744.552681, type 3 (EV_ABS), code 58 (ABS_MT_PRESSURE), value 75
Event: time 1778066744.552681, type 3 (EV_ABS), code 47 (ABS_MT_SLOT), value 1
Event: time 1778066744.552681, type 3 (EV_ABS), code 53 (ABS_MT_POSITION_X), value 675
Event: time 1778066744.552681, type 3 (EV_ABS), code 54 (ABS_MT_POSITION_Y), value 824
Event: time 1778066744.552681, type 3 (EV_ABS), code 58 (ABS_MT_PRESSURE), value 86
Event: time 1778066744.552681, type 3 (EV_ABS), code 52 (ABS_MT_ORIENTATION), value 3
Event: time 1778066744.552681, -------------- SYN_REPORT ------------
Event: time 1778066744.564473, type 3 (EV_ABS), code 47 (ABS_MT_SLOT), value 0
Event: time 1778066744.564473, type 3 (EV_ABS), code 53 (ABS_MT_POSITION_X), value 478
Event: time 1778066744.564473, type 3 (EV_ABS), code 54 (ABS_MT_POSITION_Y), value 1010
Event: time 1778066744.564473, type 3 (EV_ABS), code 47 (ABS_MT_SLOT), value 1
Event: time 1778066744.564473, type 3 (EV_ABS), code 53 (ABS_MT_POSITION_X), value 663
Event: time 1778066744.564473, type 3 (EV_ABS), code 54 (ABS_MT_POSITION_Y), value 815
Event: time 1778066744.564473, type 3 (EV_ABS), code 58 (ABS_MT_PRESSURE), value 84
Event: time 1778066744.564473, type 3 (EV_ABS), code 48 (ABS_MT_TOUCH_MAJOR), value 8
Event: time 1778066744.564473, type 3 (EV_ABS), code 49 (ABS_MT_TOUCH_MINOR), value 8
Event: time 1778066744.564473, type 3 (EV_ABS), code 52 (ABS_MT_ORIENTATION), value 1
Event: time 1778066744.564473, -------------- SYN_REPORT ------------
Event: time 1778066744.576219, type 3 (EV_ABS), code 47 (ABS_MT_SLOT), value 0
Event: time 1778066744.576219, type 3 (EV_ABS), code 58 (ABS_MT_PRESSURE), value 76
Event: time 1778066744.576219, type 3 (EV_ABS), code 47 (ABS_MT_SLOT), value 1
Event: time 1778066744.576219, type 3 (EV_ABS), code 53 (ABS_MT_POSITION_X), value 651
Event: time 1778066744.576219, type 3 (EV_ABS), code 54 (ABS_MT_POSITION_Y), value 806
Event: time 1778066744.576219, type 3 (EV_ABS), code 58 (ABS_MT_PRESSURE), value 79
Event: time 1778066744.576219, type 3 (EV_ABS), code 49 (ABS_MT_TOUCH_MINOR), value 17
Event: time 1778066744.576219, type 3 (EV_ABS), code 52 (ABS_MT_ORIENTATION), value 2
Event: time 1778066744.576219, -------------- SYN_REPORT ------------
Event: time 1778066744.588023, type 3 (EV_ABS), code 47 (ABS_MT_SLOT), value 0
Event: time 1778066744.588023, type 3 (EV_ABS), code 54 (ABS_MT_POSITION_Y), value 1011
Event: time 1778066744.588023, type 3 (EV_ABS), code 58 (ABS_MT_PRESSURE), value 77
Event: time 1778066744.588023, type 3 (EV_ABS), code 47 (ABS_MT_SLOT), value 1
Event: time 1778066744.588023, type 3 (EV_ABS), code 53 (ABS_MT_POSITION_X), value 637
Event: time 1778066744.588023, type 3 (EV_ABS), code 54 (ABS_MT_POSITION_Y), value 798
Event: time 1778066744.588023, type 3 (EV_ABS), code 58 (ABS_MT_PRESSURE), value 80
Event: time 1778066744.588023, -------------- SYN_REPORT ------------
Event: time 1778066744.599802, type 3 (EV_ABS), code 47 (ABS_MT_SLOT), value 0
Event: time 1778066744.599802, type 3 (EV_ABS), code 54 (ABS_MT_POSITION_Y), value 1012
Event: time 1778066744.599802, type 3 (EV_ABS), code 58 (ABS_MT_PRESSURE), value 75
Event: time 1778066744.599802, type 3 (EV_ABS), code 47 (ABS_MT_SLOT), value 1
Event: time 1778066744.599802, type 3 (EV_ABS), code 53 (ABS_MT_POSITION_X), value 622
Event: time 1778066744.599802, type 3 (EV_ABS), code 54 (ABS_MT_POSITION_Y), value 790
Event: time 1778066744.599802, type 3 (EV_ABS), code 58 (ABS_MT_PRESSURE), value 79
Event: time 1778066744.599802, type 3 (EV_ABS), code 48 (ABS_MT_TOUCH_MAJOR), value 17
Event: time 1778066744.599802, type 3 (EV_ABS), code 49 (ABS_MT_TOUCH_MINOR), value 8
Event: time 1778066744.599802, -------------- SYN_REPORT ------------
Event: time 1778066744.611636, type 3 (EV_ABS), code 47 (ABS_MT_SLOT), value 0
Event: time 1778066744.611636, type 3 (EV_ABS), code 54 (ABS_MT_POSITION_Y), value 1013
Event: time 1778066744.611636, type 3 (EV_ABS), code 47 (ABS_MT_SLOT), value 1
Event: time 1778066744.611636, type 3 (EV_ABS), code 53 (ABS_MT_POSITION_X), value 605
Event: time 1778066744.611636, type 3 (EV_ABS), code 54 (ABS_MT_POSITION_Y), value 784
Event: time 1778066744.611636, type 3 (EV_ABS), code 58 (ABS_MT_PRESSURE), value 74
Event: time 1778066744.611636, type 3 (EV_ABS), code 49 (ABS_MT_TOUCH_MINOR), value 17
Event: time 1778066744.611636, type 3 (EV_ABS), code 52 (ABS_MT_ORIENTATION), value 3
Event: time 1778066744.611636, -------------- SYN_REPORT ------------
Event: time 1778066744.623393, type 3 (EV_ABS), code 47 (ABS_MT_SLOT), value 0
Event: time 1778066744.623393, type 3 (EV_ABS), code 54 (ABS_MT_POSITION_Y), value 1014
Event: time 1778066744.623393, type 3 (EV_ABS), code 58 (ABS_MT_PRESSURE), value 72
Event: time 1778066744.623393, type 3 (EV_ABS), code 47 (ABS_MT_SLOT), value 1
Event: time 1778066744.623393, type 3 (EV_ABS), code 53 (ABS_MT_POSITION_X), value 589
Event: time 1778066744.623393, type 3 (EV_ABS), code 54 (ABS_MT_POSITION_Y), value 779
Event: time 1778066744.623393, type 3 (EV_ABS), code 58 (ABS_MT_PRESSURE), value 72
Event: time 1778066744.623393, type 3 (EV_ABS), code 49 (ABS_MT_TOUCH_MINOR), value 8
Event: time 1778066744.623393, type 3 (EV_ABS), code 52 (ABS_MT_ORIENTATION), value 2
Event: time 1778066744.623393, -------------- SYN_REPORT ------------
Event: time 1778066744.635197, type 3 (EV_ABS), code 47 (ABS_MT_SLOT), value 0
Event: time 1778066744.635197, type 3 (EV_ABS), code 53 (ABS_MT_POSITION_X), value 477
Event: time 1778066744.635197, type 3 (EV_ABS), code 54 (ABS_MT_POSITION_Y), value 1016
Event: time 1778066744.635197, type 3 (EV_ABS), code 58 (ABS_MT_PRESSURE), value 71
Event: time 1778066744.635197, type 3 (EV_ABS), code 47 (ABS_MT_SLOT), value 1
Event: time 1778066744.635197, type 3 (EV_ABS), code 53 (ABS_MT_POSITION_X), value 572
Event: time 1778066744.635197, type 3 (EV_ABS), code 54 (ABS_MT_POSITION_Y), value 774
Event: time 1778066744.635197, type 3 (EV_ABS), code 58 (ABS_MT_PRESSURE), value 71
Event: time 1778066744.635197, -------------- SYN_REPORT ------------
Event: time 1778066744.646994, type 3 (EV_ABS), code 47 (ABS_MT_SLOT), value 0
Event: time 1778066744.646994, type 3 (EV_ABS), code 53 (ABS_MT_POSITION_X), value 476
Event: time 1778066744.646994, type 3 (EV_ABS), code 54 (ABS_MT_POSITION_Y), value 1017
Event: time 1778066744.646994, type 3 (EV_ABS), code 58 (ABS_MT_PRESSURE), value 70
Event: time 1778066744.646994, type 3 (EV_ABS), code 47 (ABS_MT_SLOT), value 1
Event: time 1778066744.646994, type 3 (EV_ABS), code 53 (ABS_MT_POSITION_X), value 556
Event: time 1778066744.646994, type 3 (EV_ABS), code 54 (ABS_MT_POSITION_Y), value 771
Event: time 1778066744.646994, type 3 (EV_ABS), code 58 (ABS_MT_PRESSURE), value 66
Event: time 1778066744.646994, type 3 (EV_ABS), code 49 (ABS_MT_TOUCH_MINOR), value 17
Event: time 1778066744.646994, type 3 (EV_ABS), code 52 (ABS_MT_ORIENTATION), value 3
Event: time 1778066744.646994, -------------- SYN_REPORT ------------
Event: time 1778066744.658792, type 3 (EV_ABS), code 47 (ABS_MT_SLOT), value 0
Event: time 1778066744.658792, type 3 (EV_ABS), code 54 (ABS_MT_POSITION_Y), value 1018
Event: time 1778066744.658792, type 3 (EV_ABS), code 58 (ABS_MT_PRESSURE), value 69
Event: time 1778066744.658792, type 3 (EV_ABS), code 48 (ABS_MT_TOUCH_MAJOR), value 8
Event: time 1778066744.658792, type 3 (EV_ABS), code 52 (ABS_MT_ORIENTATION), value 1
Event: time 1778066744.658792, type 3 (EV_ABS), code 47 (ABS_MT_SLOT), value 1
Event: time 1778066744.658792, type 3 (EV_ABS), code 53 (ABS_MT_POSITION_X), value 541
Event: time 1778066744.658792, type 3 (EV_ABS), code 54 (ABS_MT_POSITION_Y), value 769
Event: time 1778066744.658792, type 3 (EV_ABS), code 58 (ABS_MT_PRESSURE), value 69
Event: time 1778066744.658792, type 3 (EV_ABS), code 52 (ABS_MT_ORIENTATION), value 4
Event: time 1778066744.658792, -------------- SYN_REPORT ------------
Event: time 1778066744.670527, type 3 (EV_ABS), code 47 (ABS_MT_SLOT), value 0
Event: time 1778066744.670527, type 3 (EV_ABS), code 53 (ABS_MT_POSITION_X), value 477
Event: time 1778066744.670527, type 3 (EV_ABS), code 54 (ABS_MT_POSITION_Y), value 1020
Event: time 1778066744.670527, type 3 (EV_ABS), code 58 (ABS_MT_PRESSURE), value 70
Event: time 1778066744.670527, type 3 (EV_ABS), code 47 (ABS_MT_SLOT), value 1
Event: time 1778066744.670527, type 3 (EV_ABS), code 53 (ABS_MT_POSITION_X), value 527
Event: time 1778066744.670527, type 3 (EV_ABS), code 54 (ABS_MT_POSITION_Y), value 767
Event: time 1778066744.670527, type 3 (EV_ABS), code 58 (ABS_MT_PRESSURE), value 70
Event: time 1778066744.670527, type 3 (EV_ABS), code 49 (ABS_MT_TOUCH_MINOR), value 8
Event: time 1778066744.670527, type 3 (EV_ABS), code 52 (ABS_MT_ORIENTATION), value 2
Event: time 1778066744.670527, -------------- SYN_REPORT ------------
Event: time 1778066744.682351, type 3 (EV_ABS), code 47 (ABS_MT_SLOT), value 0
Event: time 1778066744.682351, type 3 (EV_ABS), code 53 (ABS_MT_POSITION_X), value 480
Event: time 1778066744.682351, type 3 (EV_ABS), code 54 (ABS_MT_POSITION_Y), value 1024
Event: time 1778066744.682351, type 3 (EV_ABS), code 58 (ABS_MT_PRESSURE), value 68
Event: time 1778066744.682351, type 3 (EV_ABS), code 49 (ABS_MT_TOUCH_MINOR), value 17
Event: time 1778066744.682351, type 3 (EV_ABS), code 52 (ABS_MT_ORIENTATION), value 2
Event: time 1778066744.682351, type 3 (EV_ABS), code 47 (ABS_MT_SLOT), value 1
Event: time 1778066744.682351, type 3 (EV_ABS), code 53 (ABS_MT_POSITION_X), value 515
Event: time 1778066744.682351, type 3 (EV_ABS), code 54 (ABS_MT_POSITION_Y), value 765
Event: time 1778066744.682351, type 3 (EV_ABS), code 58 (ABS_MT_PRESSURE), value 69
Event: time 1778066744.682351, -------------- SYN_REPORT ------------
Event: time 1778066744.694133, type 3 (EV_ABS), code 47 (ABS_MT_SLOT), value 0
Event: time 1778066744.694133, type 3 (EV_ABS), code 53 (ABS_MT_POSITION_X), value 483
Event: time 1778066744.694133, type 3 (EV_ABS), code 54 (ABS_MT_POSITION_Y), value 1027
Event: time 1778066744.694133, type 3 (EV_ABS), code 58 (ABS_MT_PRESSURE), value 69
Event: time 1778066744.694133, type 3 (EV_ABS), code 47 (ABS_MT_SLOT), value 1
Event: time 1778066744.694133, type 3 (EV_ABS), code 53 (ABS_MT_POSITION_X), value 503
Event: time 1778066744.694133, type 3 (EV_ABS), code 54 (ABS_MT_POSITION_Y), value 764
Event: time 1778066744.694133, -------------- SYN_REPORT ------------
Event: time 1778066744.705931, type 3 (EV_ABS), code 47 (ABS_MT_SLOT), value 0
Event: time 1778066744.705931, type 3 (EV_ABS), code 53 (ABS_MT_POSITION_X), value 487
Event: time 1778066744.705931, type 3 (EV_ABS), code 54 (ABS_MT_POSITION_Y), value 1030
Event: time 1778066744.705931, type 3 (EV_ABS), code 47 (ABS_MT_SLOT), value 1
Event: time 1778066744.705931, type 3 (EV_ABS), code 53 (ABS_MT_POSITION_X), value 493
Event: time 1778066744.705931, type 3 (EV_ABS), code 54 (ABS_MT_POSITION_Y), value 763
Event: time 1778066744.705931, -------------- SYN_REPORT ------------
Event: time 1778066744.717747, type 3 (EV_ABS), code 47 (ABS_MT_SLOT), value 0
Event: time 1778066744.717747, type 3 (EV_ABS), code 53 (ABS_MT_POSITION_X), value 491
Event: time 1778066744.717747, type 3 (EV_ABS), code 54 (ABS_MT_POSITION_Y), value 1034
Event: time 1778066744.717747, type 3 (EV_ABS), code 58 (ABS_MT_PRESSURE), value 71
Event: time 1778066744.717747, type 3 (EV_ABS), code 47 (ABS_MT_SLOT), value 1
Event: time 1778066744.717747, type 3 (EV_ABS), code 53 (ABS_MT_POSITION_X), value 484
Event: time 1778066744.717747, type 3 (EV_ABS), code 54 (ABS_MT_POSITION_Y), value 761
Event: time 1778066744.717747, type 3 (EV_ABS), code 58 (ABS_MT_PRESSURE), value 70
Event: time 1778066744.717747, type 3 (EV_ABS), code 49 (ABS_MT_TOUCH_MINOR), value 17
Event: time 1778066744.717747, type 3 (EV_ABS), code 52 (ABS_MT_ORIENTATION), value 4
Event: time 1778066744.717747, -------------- SYN_REPORT ------------
Event: time 1778066744.729556, type 3 (EV_ABS), code 47 (ABS_MT_SLOT), value 0
Event: time 1778066744.729556, type 3 (EV_ABS), code 53 (ABS_MT_POSITION_X), value 494
Event: time 1778066744.729556, type 3 (EV_ABS), code 54 (ABS_MT_POSITION_Y), value 1037
Event: time 1778066744.729556, type 3 (EV_ABS), code 58 (ABS_MT_PRESSURE), value 73
Event: time 1778066744.729556, type 3 (EV_ABS), code 47 (ABS_MT_SLOT), value 1
Event: time 1778066744.729556, type 3 (EV_ABS), code 53 (ABS_MT_POSITION_X), value 475
Event: time 1778066744.729556, type 3 (EV_ABS), code 54 (ABS_MT_POSITION_Y), value 760
Event: time 1778066744.729556, type 3 (EV_ABS), code 58 (ABS_MT_PRESSURE), value 68
Event: time 1778066744.729556, -------------- SYN_REPORT ------------
Event: time 1778066744.741318, type 3 (EV_ABS), code 47 (ABS_MT_SLOT), value 0
Event: time 1778066744.741318, type 3 (EV_ABS), code 53 (ABS_MT_POSITION_X), value 498
Event: time 1778066744.741318, type 3 (EV_ABS), code 54 (ABS_MT_POSITION_Y), value 1039
Event: time 1778066744.741318, type 3 (EV_ABS), code 58 (ABS_MT_PRESSURE), value 76
Event: time 1778066744.741318, type 3 (EV_ABS), code 47 (ABS_MT_SLOT), value 1
Event: time 1778066744.741318, type 3 (EV_ABS), code 53 (ABS_MT_POSITION_X), value 466
Event: time 1778066744.741318, type 3 (EV_ABS), code 54 (ABS_MT_POSITION_Y), value 758
Event: time 1778066744.741318, type 3 (EV_ABS), code 58 (ABS_MT_PRESSURE), value 71
Event: time 1778066744.741318, type 3 (EV_ABS), code 52 (ABS_MT_ORIENTATION), value 3
Event: time 1778066744.741318, -------------- SYN_REPORT ------------
Event: time 1778066744.753075, type 3 (EV_ABS), code 47 (ABS_MT_SLOT), value 0
Event: time 1778066744.753075, type 3 (EV_ABS), code 53 (ABS_MT_POSITION_X), value 502
Event: time 1778066744.753075, type 3 (EV_ABS), code 54 (ABS_MT_POSITION_Y), value 1042
Event: time 1778066744.753075, type 3 (EV_ABS), code 58 (ABS_MT_PRESSURE), value 78
Event: time 1778066744.753075, type 3 (EV_ABS), code 49 (ABS_MT_TOUCH_MINOR), value 8
Event: time 1778066744.753075, type 3 (EV_ABS), code 52 (ABS_MT_ORIENTATION), value 1
Event: time 1778066744.753075, type 3 (EV_ABS), code 47 (ABS_MT_SLOT), value 1
Event: time 1778066744.753075, type 3 (EV_ABS), code 53 (ABS_MT_POSITION_X), value 457
Event: time 1778066744.753075, type 3 (EV_ABS), code 54 (ABS_MT_POSITION_Y), value 757
Event: time 1778066744.753075, type 3 (EV_ABS), code 58 (ABS_MT_PRESSURE), value 70
Event: time 1778066744.753075, type 3 (EV_ABS), code 49 (ABS_MT_TOUCH_MINOR), value 8
Event: time 1778066744.753075, type 3 (EV_ABS), code 52 (ABS_MT_ORIENTATION), value 2
Event: time 1778066744.753075, -------------- SYN_REPORT ------------
Event: time 1778066744.764898, type 3 (EV_ABS), code 47 (ABS_MT_SLOT), value 0
Event: time 1778066744.764898, type 3 (EV_ABS), code 53 (ABS_MT_POSITION_X), value 505
Event: time 1778066744.764898, type 3 (EV_ABS), code 54 (ABS_MT_POSITION_Y), value 1044
Event: time 1778066744.764898, type 3 (EV_ABS), code 58 (ABS_MT_PRESSURE), value 82
Event: time 1778066744.764898, type 3 (EV_ABS), code 48 (ABS_MT_TOUCH_MAJOR), value 17
Event: time 1778066744.764898, type 3 (EV_ABS), code 52 (ABS_MT_ORIENTATION), value 2
Event: time 1778066744.764898, type 3 (EV_ABS), code 47 (ABS_MT_SLOT), value 1
Event: time 1778066744.764898, type 3 (EV_ABS), code 53 (ABS_MT_POSITION_X), value 448
Event: time 1778066744.764898, type 3 (EV_ABS), code 54 (ABS_MT_POSITION_Y), value 755
Event: time 1778066744.764898, type 3 (EV_ABS), code 58 (ABS_MT_PRESSURE), value 69
Event: time 1778066744.764898, -------------- SYN_REPORT ------------
Event: time 1778066744.776668, type 3 (EV_ABS), code 47 (ABS_MT_SLOT), value 0
Event: time 1778066744.776668, type 3 (EV_ABS), code 53 (ABS_MT_POSITION_X), value 508
Event: time 1778066744.776668, type 3 (EV_ABS), code 54 (ABS_MT_POSITION_Y), value 1046
Event: time 1778066744.776668, type 3 (EV_ABS), code 47 (ABS_MT_SLOT), value 1
Event: time 1778066744.776668, type 3 (EV_ABS), code 53 (ABS_MT_POSITION_X), value 439
Event: time 1778066744.776668, type 3 (EV_ABS), code 58 (ABS_MT_PRESSURE), value 68
Event: time 1778066744.776668, -------------- SYN_REPORT ------------
Event: time 1778066744.788468, type 3 (EV_ABS), code 47 (ABS_MT_SLOT), value 0
Event: time 1778066744.788468, type 3 (EV_ABS), code 53 (ABS_MT_POSITION_X), value 512
Event: time 1778066744.788468, type 3 (EV_ABS), code 54 (ABS_MT_POSITION_Y), value 1049
Event: time 1778066744.788468, type 3 (EV_ABS), code 58 (ABS_MT_PRESSURE), value 83
Event: time 1778066744.788468, type 3 (EV_ABS), code 47 (ABS_MT_SLOT), value 1
Event: time 1778066744.788468, type 3 (EV_ABS), code 53 (ABS_MT_POSITION_X), value 431
Event: time 1778066744.788468, type 3 (EV_ABS), code 58 (ABS_MT_PRESSURE), value 67
Event: time 1778066744.788468, type 3 (EV_ABS), code 49 (ABS_MT_TOUCH_MINOR), value 17
Event: time 1778066744.788468, type 3 (EV_ABS), code 52 (ABS_MT_ORIENTATION), value 3
Event: time 1778066744.788468, -------------- SYN_REPORT ------------
Event: time 1778066744.800290, type 3 (EV_ABS), code 47 (ABS_MT_SLOT), value 0
Event: time 1778066744.800290, type 3 (EV_ABS), code 53 (ABS_MT_POSITION_X), value 516
Event: time 1778066744.800290, type 3 (EV_ABS), code 54 (ABS_MT_POSITION_Y), value 1051
Event: time 1778066744.800290, type 3 (EV_ABS), code 58 (ABS_MT_PRESSURE), value 85
Event: time 1778066744.800290, type 3 (EV_ABS), code 47 (ABS_MT_SLOT), value 1
Event: time 1778066744.800290, type 3 (EV_ABS), code 53 (ABS_MT_POSITION_X), value 423
Event: time 1778066744.800290, type 3 (EV_ABS), code 58 (ABS_MT_PRESSURE), value 65
Event: time 1778066744.800290, type 3 (EV_ABS), code 52 (ABS_MT_ORIENTATION), value 4
Event: time 1778066744.800290, -------------- SYN_REPORT ------------
Event: time 1778066744.812025, type 3 (EV_ABS), code 47 (ABS_MT_SLOT), value 0
Event: time 1778066744.812025, type 3 (EV_ABS), code 53 (ABS_MT_POSITION_X), value 520
Event: time 1778066744.812025, type 3 (EV_ABS), code 54 (ABS_MT_POSITION_Y), value 1054
Event: time 1778066744.812025, type 3 (EV_ABS), code 58 (ABS_MT_PRESSURE), value 86
Event: time 1778066744.812025, type 3 (EV_ABS), code 47 (ABS_MT_SLOT), value 1
Event: time 1778066744.812025, type 3 (EV_ABS), code 53 (ABS_MT_POSITION_X), value 414
Event: time 1778066744.812025, type 3 (EV_ABS), code 49 (ABS_MT_TOUCH_MINOR), value 8
Event: time 1778066744.812025, type 3 (EV_ABS), code 52 (ABS_MT_ORIENTATION), value 2
Event: time 1778066744.812025, -------------- SYN_REPORT ------------
Event: time 1778066744.823872, type 3 (EV_ABS), code 47 (ABS_MT_SLOT), value 0
Event: time 1778066744.823872, type 3 (EV_ABS), code 53 (ABS_MT_POSITION_X), value 525
Event: time 1778066744.823872, type 3 (EV_ABS), code 54 (ABS_MT_POSITION_Y), value 1056
Event: time 1778066744.823872, type 3 (EV_ABS), code 58 (ABS_MT_PRESSURE), value 88
Event: time 1778066744.823872, type 3 (EV_ABS), code 49 (ABS_MT_TOUCH_MINOR), value 17
Event: time 1778066744.823872, type 3 (EV_ABS), code 52 (ABS_MT_ORIENTATION), value 4
Event: time 1778066744.823872, type 3 (EV_ABS), code 47 (ABS_MT_SLOT), value 1
Event: time 1778066744.823872, type 3 (EV_ABS), code 53 (ABS_MT_POSITION_X), value 405
Event: time 1778066744.823872, type 3 (EV_ABS), code 54 (ABS_MT_POSITION_Y), value 756
Event: time 1778066744.823872, -------------- SYN_REPORT ------------
Event: time 1778066744.835636, type 3 (EV_ABS), code 47 (ABS_MT_SLOT), value 0
Event: time 1778066744.835636, type 3 (EV_ABS), code 53 (ABS_MT_POSITION_X), value 530
Event: time 1778066744.835636, type 3 (EV_ABS), code 54 (ABS_MT_POSITION_Y), value 1058
Event: time 1778066744.835636, type 3 (EV_ABS), code 58 (ABS_MT_PRESSURE), value 90
Event: time 1778066744.835636, type 3 (EV_ABS), code 47 (ABS_MT_SLOT), value 1
Event: time 1778066744.835636, type 3 (EV_ABS), code 53 (ABS_MT_POSITION_X), value 397
Event: time 1778066744.835636, type 3 (EV_ABS), code 54 (ABS_MT_POSITION_Y), value 757
Event: time 1778066744.835636, -------------- SYN_REPORT ------------
Event: time 1778066744.847435, type 3 (EV_ABS), code 47 (ABS_MT_SLOT), value 0
Event: time 1778066744.847435, type 3 (EV_ABS), code 53 (ABS_MT_POSITION_X), value 534
Event: time 1778066744.847435, type 3 (EV_ABS), code 54 (ABS_MT_POSITION_Y), value 1060
Event: time 1778066744.847435, type 3 (EV_ABS), code 58 (ABS_MT_PRESSURE), value 87
Event: time 1778066744.847435, type 3 (EV_ABS), code 47 (ABS_MT_SLOT), value 1
Event: time 1778066744.847435, type 3 (EV_ABS), code 53 (ABS_MT_POSITION_X), value 389
Event: time 1778066744.847435, type 3 (EV_ABS), code 54 (ABS_MT_POSITION_Y), value 759
Event: time 1778066744.847435, type 3 (EV_ABS), code 58 (ABS_MT_PRESSURE), value 64
Event: time 1778066744.847435, -------------- SYN_REPORT ------------
Event: time 1778066744.859204, type 3 (EV_ABS), code 47 (ABS_MT_SLOT), value 0
Event: time 1778066744.859204, type 3 (EV_ABS), code 53 (ABS_MT_POSITION_X), value 539
Event: time 1778066744.859204, type 3 (EV_ABS), code 54 (ABS_MT_POSITION_Y), value 1063
Event: time 1778066744.859204, type 3 (EV_ABS), code 58 (ABS_MT_PRESSURE), value 88
Event: time 1778066744.859204, type 3 (EV_ABS), code 52 (ABS_MT_ORIENTATION), value 3
Event: time 1778066744.859204, type 3 (EV_ABS), code 47 (ABS_MT_SLOT), value 1
Event: time 1778066744.859204, type 3 (EV_ABS), code 53 (ABS_MT_POSITION_X), value 381
Event: time 1778066744.859204, type 3 (EV_ABS), code 54 (ABS_MT_POSITION_Y), value 761
Event: time 1778066744.859204, type 3 (EV_ABS), code 58 (ABS_MT_PRESSURE), value 62
Event: time 1778066744.859204, type 3 (EV_ABS), code 48 (ABS_MT_TOUCH_MAJOR), value 8
Event: time 1778066744.859204, type 3 (EV_ABS), code 49 (ABS_MT_TOUCH_MINOR), value 17
Event: time 1778066744.859204, -------------- SYN_REPORT ------------
Event: time 1778066744.870999, type 3 (EV_ABS), code 47 (ABS_MT_SLOT), value 0
Event: time 1778066744.870999, type 3 (EV_ABS), code 53 (ABS_MT_POSITION_X), value 543
Event: time 1778066744.870999, type 3 (EV_ABS), code 54 (ABS_MT_POSITION_Y), value 1066
Event: time 1778066744.870999, type 3 (EV_ABS), code 58 (ABS_MT_PRESSURE), value 91
Event: time 1778066744.870999, type 3 (EV_ABS), code 47 (ABS_MT_SLOT), value 1
Event: time 1778066744.870999, type 3 (EV_ABS), code 53 (ABS_MT_POSITION_X), value 373
Event: time 1778066744.870999, type 3 (EV_ABS), code 54 (ABS_MT_POSITION_Y), value 763
Event: time 1778066744.870999, type 3 (EV_ABS), code 58 (ABS_MT_PRESSURE), value 61
Event: time 1778066744.870999, -------------- SYN_REPORT ------------
Event: time 1778066744.882766, type 3 (EV_ABS), code 47 (ABS_MT_SLOT), value 0
Event: time 1778066744.882766, type 3 (EV_ABS), code 53 (ABS_MT_POSITION_X), value 547
Event: time 1778066744.882766, type 3 (EV_ABS), code 54 (ABS_MT_POSITION_Y), value 1068
Event: time 1778066744.882766, type 3 (EV_ABS), code 58 (ABS_MT_PRESSURE), value 92
Event: time 1778066744.882766, type 3 (EV_ABS), code 48 (ABS_MT_TOUCH_MAJOR), value 8
Event: time 1778066744.882766, type 3 (EV_ABS), code 52 (ABS_MT_ORIENTATION), value 2
Event: time 1778066744.882766, type 3 (EV_ABS), code 47 (ABS_MT_SLOT), value 1
Event: time 1778066744.882766, type 3 (EV_ABS), code 53 (ABS_MT_POSITION_X), value 366
Event: time 1778066744.882766, type 3 (EV_ABS), code 54 (ABS_MT_POSITION_Y), value 766
Event: time 1778066744.882766, type 3 (EV_ABS), code 58 (ABS_MT_PRESSURE), value 63
Event: time 1778066744.882766, -------------- SYN_REPORT ------------
Event: time 1778066744.894538, type 3 (EV_ABS), code 47 (ABS_MT_SLOT), value 0
Event: time 1778066744.894538, type 3 (EV_ABS), code 53 (ABS_MT_POSITION_X), value 552
Event: time 1778066744.894538, type 3 (EV_ABS), code 54 (ABS_MT_POSITION_Y), value 1071
Event: time 1778066744.894538, type 3 (EV_ABS), code 58 (ABS_MT_PRESSURE), value 93
Event: time 1778066744.894538, type 3 (EV_ABS), code 49 (ABS_MT_TOUCH_MINOR), value 8
Event: time 1778066744.894538, type 3 (EV_ABS), code 52 (ABS_MT_ORIENTATION), value 1
Event: time 1778066744.894538, type 3 (EV_ABS), code 47 (ABS_MT_SLOT), value 1
Event: time 1778066744.894538, type 3 (EV_ABS), code 53 (ABS_MT_POSITION_X), value 359
Event: time 1778066744.894538, type 3 (EV_ABS), code 54 (ABS_MT_POSITION_Y), value 769
Event: time 1778066744.894538, -------------- SYN_REPORT ------------
Event: time 1778066744.906304, type 3 (EV_ABS), code 47 (ABS_MT_SLOT), value 0
Event: time 1778066744.906304, type 3 (EV_ABS), code 53 (ABS_MT_POSITION_X), value 556
Event: time 1778066744.906304, type 3 (EV_ABS), code 54 (ABS_MT_POSITION_Y), value 1074
Event: time 1778066744.906304, type 3 (EV_ABS), code 58 (ABS_MT_PRESSURE), value 94
Event: time 1778066744.906304, type 3 (EV_ABS), code 47 (ABS_MT_SLOT), value 1
Event: time 1778066744.906304, type 3 (EV_ABS), code 53 (ABS_MT_POSITION_X), value 352
Event: time 1778066744.906304, type 3 (EV_ABS), code 54 (ABS_MT_POSITION_Y), value 773
Event: time 1778066744.906304, type 3 (EV_ABS), code 58 (ABS_MT_PRESSURE), value 62
Event: time 1778066744.906304, type 3 (EV_ABS), code 49 (ABS_MT_TOUCH_MINOR), value 8
Event: time 1778066744.906304, type 3 (EV_ABS), code 52 (ABS_MT_ORIENTATION), value 1
Event: time 1778066744.906304, -------------- SYN_REPORT ------------
Event: time 1778066744.918089, type 3 (EV_ABS), code 47 (ABS_MT_SLOT), value 0
Event: time 1778066744.918089, type 3 (EV_ABS), code 53 (ABS_MT_POSITION_X), value 561
Event: time 1778066744.918089, type 3 (EV_ABS), code 54 (ABS_MT_POSITION_Y), value 1077
Event: time 1778066744.918089, type 3 (EV_ABS), code 58 (ABS_MT_PRESSURE), value 95
Event: time 1778066744.918089, type 3 (EV_ABS), code 47 (ABS_MT_SLOT), value 1
Event: time 1778066744.918089, type 3 (EV_ABS), code 53 (ABS_MT_POSITION_X), value 345
Event: time 1778066744.918089, type 3 (EV_ABS), code 54 (ABS_MT_POSITION_Y), value 777
Event: time 1778066744.918089, type 3 (EV_ABS), code 58 (ABS_MT_PRESSURE), value 61
Event: time 1778066744.918089, -------------- SYN_REPORT ------------
Event: time 1778066744.929895, type 3 (EV_ABS), code 47 (ABS_MT_SLOT), value 0
Event: time 1778066744.929895, type 3 (EV_ABS), code 53 (ABS_MT_POSITION_X), value 566
Event: time 1778066744.929895, type 3 (EV_ABS), code 54 (ABS_MT_POSITION_Y), value 1080
Event: time 1778066744.929895, type 3 (EV_ABS), code 49 (ABS_MT_TOUCH_MINOR), value 17
Event: time 1778066744.929895, type 3 (EV_ABS), code 52 (ABS_MT_ORIENTATION), value 2
Event: time 1778066744.929895, type 3 (EV_ABS), code 47 (ABS_MT_SLOT), value 1
Event: time 1778066744.929895, type 3 (EV_ABS), code 53 (ABS_MT_POSITION_X), value 338
Event: time 1778066744.929895, type 3 (EV_ABS), code 54 (ABS_MT_POSITION_Y), value 780
Event: time 1778066744.929895, type 3 (EV_ABS), code 58 (ABS_MT_PRESSURE), value 59
Event: time 1778066744.929895, -------------- SYN_REPORT ------------
Event: time 1778066744.941715, type 3 (EV_ABS), code 47 (ABS_MT_SLOT), value 0
Event: time 1778066744.941715, type 3 (EV_ABS), code 53 (ABS_MT_POSITION_X), value 571
Event: time 1778066744.941715, type 3 (EV_ABS), code 54 (ABS_MT_POSITION_Y), value 1082
Event: time 1778066744.941715, type 3 (EV_ABS), code 47 (ABS_MT_SLOT), value 1
Event: time 1778066744.941715, type 3 (EV_ABS), code 53 (ABS_MT_POSITION_X), value 331
Event: time 1778066744.941715, type 3 (EV_ABS), code 54 (ABS_MT_POSITION_Y), value 785
Event: time 1778066744.941715, type 3 (EV_ABS), code 58 (ABS_MT_PRESSURE), value 56
Event: time 1778066744.941715, type 3 (EV_ABS), code 48 (ABS_MT_TOUCH_MAJOR), value 17
Event: time 1778066744.941715, type 3 (EV_ABS), code 52 (ABS_MT_ORIENTATION), value 2
Event: time 1778066744.941715, -------------- SYN_REPORT ------------
Event: time 1778066744.953534, type 3 (EV_ABS), code 47 (ABS_MT_SLOT), value 0
Event: time 1778066744.953534, type 3 (EV_ABS), code 53 (ABS_MT_POSITION_X), value 576
Event: time 1778066744.953534, type 3 (EV_ABS), code 54 (ABS_MT_POSITION_Y), value 1086
Event: time 1778066744.953534, type 3 (EV_ABS), code 58 (ABS_MT_PRESSURE), value 96
Event: time 1778066744.953534, type 3 (EV_ABS), code 47 (ABS_MT_SLOT), value 1
Event: time 1778066744.953534, type 3 (EV_ABS), code 53 (ABS_MT_POSITION_X), value 322
Event: time 1778066744.953534, type 3 (EV_ABS), code 54 (ABS_MT_POSITION_Y), value 789
Event: time 1778066744.953534, type 3 (EV_ABS), code 58 (ABS_MT_PRESSURE), value 57
Event: time 1778066744.953534, type 3 (EV_ABS), code 49 (ABS_MT_TOUCH_MINOR), value 17
Event: time 1778066744.953534, type 3 (EV_ABS), code 52 (ABS_MT_ORIENTATION), value 4
Event: time 1778066744.953534, -------------- SYN_REPORT ------------
Event: time 1778066744.965294, type 3 (EV_ABS), code 47 (ABS_MT_SLOT), value 0
Event: time 1778066744.965294, type 3 (EV_ABS), code 53 (ABS_MT_POSITION_X), value 582
Event: time 1778066744.965294, type 3 (EV_ABS), code 54 (ABS_MT_POSITION_Y), value 1088
Event: time 1778066744.965294, type 3 (EV_ABS), code 58 (ABS_MT_PRESSURE), value 91
Event: time 1778066744.965294, type 3 (EV_ABS), code 47 (ABS_MT_SLOT), value 1
Event: time 1778066744.965294, type 3 (EV_ABS), code 53 (ABS_MT_POSITION_X), value 313
Event: time 1778066744.965294, type 3 (EV_ABS), code 54 (ABS_MT_POSITION_Y), value 794
Event: time 1778066744.965294, type 3 (EV_ABS), code 58 (ABS_MT_PRESSURE), value 56
Event: time 1778066744.965294, type 3 (EV_ABS), code 49 (ABS_MT_TOUCH_MINOR), value 8
Event: time 1778066744.965294, type 3 (EV_ABS), code 52 (ABS_MT_ORIENTATION), value 2
Event: time 1778066744.965294, -------------- SYN_REPORT ------------
Event: time 1778066744.977064, type 3 (EV_ABS), code 47 (ABS_MT_SLOT), value 0
Event: time 1778066744.977064, type 3 (EV_ABS), code 53 (ABS_MT_POSITION_X), value 588
Event: time 1778066744.977064, type 3 (EV_ABS), code 54 (ABS_MT_POSITION_Y), value 1091
Event: time 1778066744.977064, type 3 (EV_ABS), code 58 (ABS_MT_PRESSURE), value 92
Event: time 1778066744.977064, type 3 (EV_ABS), code 47 (ABS_MT_SLOT), value 1
Event: time 1778066744.977064, type 3 (EV_ABS), code 53 (ABS_MT_POSITION_X), value 303
Event: time 1778066744.977064, type 3 (EV_ABS), code 54 (ABS_MT_POSITION_Y), value 799
Event: time 1778066744.977064, type 3 (EV_ABS), code 58 (ABS_MT_PRESSURE), value 55
Event: time 1778066744.977064, -------------- SYN_REPORT ------------
Event: time 1778066744.988832, type 3 (EV_ABS), code 47 (ABS_MT_SLOT), value 0
Event: time 1778066744.988832, type 3 (EV_ABS), code 53 (ABS_MT_POSITION_X), value 594
Event: time 1778066744.988832, type 3 (EV_ABS), code 54 (ABS_MT_POSITION_Y), value 1094
Event: time 1778066744.988832, type 3 (EV_ABS), code 58 (ABS_MT_PRESSURE), value 96
Event: time 1778066744.988832, type 3 (EV_ABS), code 48 (ABS_MT_TOUCH_MAJOR), value 17
Event: time 1778066744.988832, type 3 (EV_ABS), code 49 (ABS_MT_TOUCH_MINOR), value 8
Event: time 1778066744.988832, type 3 (EV_ABS), code 47 (ABS_MT_SLOT), value 1
Event: time 1778066744.988832, type 3 (EV_ABS), code 53 (ABS_MT_POSITION_X), value 294
Event: time 1778066744.988832, type 3 (EV_ABS), code 54 (ABS_MT_POSITION_Y), value 804
Event: time 1778066744.988832, type 3 (EV_ABS), code 58 (ABS_MT_PRESSURE), value 52
Event: time 1778066744.988832, type 3 (EV_ABS), code 48 (ABS_MT_TOUCH_MAJOR), value 8
Event: time 1778066744.988832, type 3 (EV_ABS), code 52 (ABS_MT_ORIENTATION), value 1
Event: time 1778066744.988832, -------------- SYN_REPORT ------------
Event: time 1778066745.000607, type 3 (EV_ABS), code 47 (ABS_MT_SLOT), value 0
Event: time 1778066745.000607, type 3 (EV_ABS), code 53 (ABS_MT_POSITION_X), value 599
Event: time 1778066745.000607, type 3 (EV_ABS), code 54 (ABS_MT_POSITION_Y), value 1096
Event: time 1778066745.000607, type 3 (EV_ABS), code 58 (ABS_MT_PRESSURE), value 97
Event: time 1778066745.000607, type 3 (EV_ABS), code 47 (ABS_MT_SLOT), value 1
Event: time 1778066745.000607, type 3 (EV_ABS), code 53 (ABS_MT_POSITION_X), value 287
Event: time 1778066745.000607, type 3 (EV_ABS), code 54 (ABS_MT_POSITION_Y), value 810
Event: time 1778066745.000607, type 3 (EV_ABS), code 58 (ABS_MT_PRESSURE), value 50
Event: time 1778066745.000607, -------------- SYN_REPORT ------------
Event: time 1778066745.012399, type 3 (EV_ABS), code 47 (ABS_MT_SLOT), value 0
Event: time 1778066745.012399, type 3 (EV_ABS), code 53 (ABS_MT_POSITION_X), value 603
Event: time 1778066745.012399, type 3 (EV_ABS), code 54 (ABS_MT_POSITION_Y), value 1098
Event: time 1778066745.012399, type 3 (EV_ABS), code 47 (ABS_MT_SLOT), value 1
Event: time 1778066745.012399, type 3 (EV_ABS), code 53 (ABS_MT_POSITION_X), value 280
Event: time 1778066745.012399, type 3 (EV_ABS), code 54 (ABS_MT_POSITION_Y), value 816
Event: time 1778066745.012399, type 3 (EV_ABS), code 58 (ABS_MT_PRESSURE), value 48
Event: time 1778066745.012399, -------------- SYN_REPORT ------------
Event: time 1778066745.024236, type 3 (EV_ABS), code 47 (ABS_MT_SLOT), value 0
Event: time 1778066745.024236, type 3 (EV_ABS), code 53 (ABS_MT_POSITION_X), value 606
Event: time 1778066745.024236, type 3 (EV_ABS), code 54 (ABS_MT_POSITION_Y), value 1099
Event: time 1778066745.024236, type 3 (EV_ABS), code 58 (ABS_MT_PRESSURE), value 92
Event: time 1778066745.024236, type 3 (EV_ABS), code 47 (ABS_MT_SLOT), value 1
Event: time 1778066745.024236, type 3 (EV_ABS), code 53 (ABS_MT_POSITION_X), value 273
Event: time 1778066745.024236, type 3 (EV_ABS), code 54 (ABS_MT_POSITION_Y), value 822
Event: time 1778066745.024236, type 3 (EV_ABS), code 58 (ABS_MT_PRESSURE), value 42
Event: time 1778066745.024236, type 3 (EV_ABS), code 49 (ABS_MT_TOUCH_MINOR), value 17
Event: time 1778066745.024236, type 3 (EV_ABS), code 52 (ABS_MT_ORIENTATION), value 2
Event: time 1778066745.024236, -------------- SYN_REPORT ------------
Event: time 1778066745.036065, type 3 (EV_ABS), code 47 (ABS_MT_SLOT), value 0
Event: time 1778066745.036065, type 3 (EV_ABS), code 54 (ABS_MT_POSITION_Y), value 1100
Event: time 1778066745.036065, type 3 (EV_ABS), code 58 (ABS_MT_PRESSURE), value 81
Event: time 1778066745.036065, type 3 (EV_ABS), code 49 (ABS_MT_TOUCH_MINOR), value 17
Event: time 1778066745.036065, type 3 (EV_ABS), code 52 (ABS_MT_ORIENTATION), value 3
Event: time 1778066745.036065, type 3 (EV_ABS), code 47 (ABS_MT_SLOT), value 1
Event: time 1778066745.036065, type 3 (EV_ABS), code 53 (ABS_MT_POSITION_X), value 268
Event: time 1778066745.036065, type 3 (EV_ABS), code 54 (ABS_MT_POSITION_Y), value 830
Event: time 1778066745.036065, type 3 (EV_ABS), code 58 (ABS_MT_PRESSURE), value 36
Event: time 1778066745.036065, type 3 (EV_ABS), code 48 (ABS_MT_TOUCH_MAJOR), value 17
Event: time 1778066745.036065, type 3 (EV_ABS), code 52 (ABS_MT_ORIENTATION), value 3
Event: time 1778066745.036065, -------------- SYN_REPORT ------------
Event: time 1778066745.047627, type 3 (EV_ABS), code 47 (ABS_MT_SLOT), value 0
Event: time 1778066745.047627, type 3 (EV_ABS), code 54 (ABS_MT_POSITION_Y), value 1101
Event: time 1778066745.047627, type 3 (EV_ABS), code 58 (ABS_MT_PRESSURE), value 66
Event: time 1778066745.047627, type 3 (EV_ABS), code 52 (ABS_MT_ORIENTATION), value 4
Event: time 1778066745.047627, -------------- SYN_REPORT ------------
Event: time 1778066745.059376, type 3 (EV_ABS), code 53 (ABS_MT_POSITION_X), value 601
Event: time 1778066745.059376, type 3 (EV_ABS), code 54 (ABS_MT_POSITION_Y), value 1102
Event: time 1778066745.059376, type 3 (EV_ABS), code 58 (ABS_MT_PRESSURE), value 46
Event: time 1778066745.059376, type 3 (EV_ABS), code 49 (ABS_MT_TOUCH_MINOR), value 8
Event: time 1778066745.059376, type 3 (EV_ABS), code 52 (ABS_MT_ORIENTATION), value 2
Event: time 1778066745.059376, -------------- SYN_REPORT ------------
Event: time 1778066745.070913, type 3 (EV_ABS), code 47 (ABS_MT_SLOT), value 1
Event: time 1778066745.070913, type 3 (EV_ABS), code 57 (ABS_MT_TRACKING_ID), value -1
Event: time 1778066745.070913, -------------- SYN_REPORT ------------
Event: time 1778066745.093321, type 3 (EV_ABS), code 47 (ABS_MT_SLOT), value 0
Event: time 1778066745.093321, type 3 (EV_ABS), code 57 (ABS_MT_TRACKING_ID), value -1
Event: time 1778066745.093321, -------------- SYN_REPORT ------------
Event: time 1778066746.431907, type 3 (EV_ABS), code 57 (ABS_MT_TRACKING_ID), value 1393
Event: time 1778066746.431907, type 3 (EV_ABS), code 53 (ABS_MT_POSITION_X), value 1403
Event: time 1778066746.431907, type 3 (EV_ABS), code 54 (ABS_MT_POSITION_Y), value 905
Event: time 1778066746.431907, type 3 (EV_ABS), code 58 (ABS_MT_PRESSURE), value 21
Event: time 1778066746.431907, -------------- SYN_REPORT ------------
Event: time 1778066746.490550, type 3 (EV_ABS), code 57 (ABS_MT_TRACKING_ID), value -1
Event: time 1778066746.490550, -------------- SYN_REPORT ------------
Event: time 1778066750.260415, type 3 (EV_ABS), code 57 (ABS_MT_TRACKING_ID), value 1394
Event: time 1778066750.260415, type 3 (EV_ABS), code 53 (ABS_MT_POSITION_X), value 298
Event: time 1778066750.260415, type 3 (EV_ABS), code 54 (ABS_MT_POSITION_Y), value 906
Event: time 1778066750.260415, type 3 (EV_ABS), code 58 (ABS_MT_PRESSURE), value 59
Event: time 1778066750.260415, type 3 (EV_ABS), code 49 (ABS_MT_TOUCH_MINOR), value 17
Event: time 1778066750.260415, type 3 (EV_ABS), code 52 (ABS_MT_ORIENTATION), value 4
Event: time 1778066750.260415, -------------- SYN_REPORT ------------
Event: time 1778066750.315558, type 3 (EV_ABS), code 47 (ABS_MT_SLOT), value 1
Event: time 1778066750.315558, type 3 (EV_ABS), code 57 (ABS_MT_TRACKING_ID), value 1395
Event: time 1778066750.315558, type 3 (EV_ABS), code 53 (ABS_MT_POSITION_X), value 807
Event: time 1778066750.315558, type 3 (EV_ABS), code 54 (ABS_MT_POSITION_Y), value 1128
Event: time 1778066750.315558, type 3 (EV_ABS), code 58 (ABS_MT_PRESSURE), value 66
Event: time 1778066750.315558, type 3 (EV_ABS), code 48 (ABS_MT_TOUCH_MAJOR), value 8
Event: time 1778066750.315558, type 3 (EV_ABS), code 52 (ABS_MT_ORIENTATION), value 2
Event: time 1778066750.315558, -------------- SYN_REPORT ------------
Event: time 1778066750.327314, type 3 (EV_ABS), code 47 (ABS_MT_SLOT), value 0
Event: time 1778066750.327314, type 3 (EV_ABS), code 53 (ABS_MT_POSITION_X), value 300
Event: time 1778066750.327314, type 3 (EV_ABS), code 58 (ABS_MT_PRESSURE), value 90
Event: time 1778066750.327314, -------------- SYN_REPORT ------------
Event: time 1778066750.339118, type 3 (EV_ABS), code 58 (ABS_MT_PRESSURE), value 95
Event: time 1778066750.339118, -------------- SYN_REPORT ------------
Event: time 1778066750.350914, type 3 (EV_ABS), code 53 (ABS_MT_POSITION_X), value 301
Event: time 1778066750.350914, type 3 (EV_ABS), code 58 (ABS_MT_PRESSURE), value 96
Event: time 1778066750.350914, -------------- SYN_REPORT ------------
Event: time 1778066750.362719, type 3 (EV_ABS), code 53 (ABS_MT_POSITION_X), value 302
Event: time 1778066750.362719, type 3 (EV_ABS), code 54 (ABS_MT_POSITION_Y), value 907
Event: time 1778066750.362719, type 3 (EV_ABS), code 58 (ABS_MT_PRESSURE), value 99
Event: time 1778066750.362719, -------------- SYN_REPORT ------------
Event: time 1778066750.374550, type 3 (EV_ABS), code 53 (ABS_MT_POSITION_X), value 303
Event: time 1778066750.374550, type 3 (EV_ABS), code 54 (ABS_MT_POSITION_Y), value 909
Event: time 1778066750.374550, type 3 (EV_ABS), code 58 (ABS_MT_PRESSURE), value 102
Event: time 1778066750.374550, -------------- SYN_REPORT ------------
Event: time 1778066750.386335, type 3 (EV_ABS), code 53 (ABS_MT_POSITION_X), value 304
Event: time 1778066750.386335, type 3 (EV_ABS), code 54 (ABS_MT_POSITION_Y), value 912
Event: time 1778066750.386335, type 3 (EV_ABS), code 58 (ABS_MT_PRESSURE), value 106
Event: time 1778066750.386335, type 3 (EV_ABS), code 52 (ABS_MT_ORIENTATION), value 3
Event: time 1778066750.386335, -------------- SYN_REPORT ------------
Event: time 1778066750.398132, type 3 (EV_ABS), code 53 (ABS_MT_POSITION_X), value 305
Event: time 1778066750.398132, type 3 (EV_ABS), code 54 (ABS_MT_POSITION_Y), value 915
Event: time 1778066750.398132, type 3 (EV_ABS), code 58 (ABS_MT_PRESSURE), value 110
Event: time 1778066750.398132, type 3 (EV_ABS), code 47 (ABS_MT_SLOT), value 1
Event: time 1778066750.398132, type 3 (EV_ABS), code 53 (ABS_MT_POSITION_X), value 810
Event: time 1778066750.398132, type 3 (EV_ABS), code 54 (ABS_MT_POSITION_Y), value 1127
Event: time 1778066750.398132, type 3 (EV_ABS), code 58 (ABS_MT_PRESSURE), value 82
Event: time 1778066750.398132, type 3 (EV_ABS), code 48 (ABS_MT_TOUCH_MAJOR), value 17
Event: time 1778066750.398132, type 3 (EV_ABS), code 52 (ABS_MT_ORIENTATION), value 3
Event: time 1778066750.398132, -------------- SYN_REPORT ------------
Event: time 1778066750.409900, type 3 (EV_ABS), code 47 (ABS_MT_SLOT), value 0
Event: time 1778066750.409900, type 3 (EV_ABS), code 53 (ABS_MT_POSITION_X), value 307
Event: time 1778066750.409900, type 3 (EV_ABS), code 54 (ABS_MT_POSITION_Y), value 919
Event: time 1778066750.409900, type 3 (EV_ABS), code 58 (ABS_MT_PRESSURE), value 114
Event: time 1778066750.409900, type 3 (EV_ABS), code 48 (ABS_MT_TOUCH_MAJOR), value 8
Event: time 1778066750.409900, type 3 (EV_ABS), code 52 (ABS_MT_ORIENTATION), value 2
Event: time 1778066750.409900, type 3 (EV_ABS), code 47 (ABS_MT_SLOT), value 1
Event: time 1778066750.409900, type 3 (EV_ABS), code 53 (ABS_MT_POSITION_X), value 811
Event: time 1778066750.409900, type 3 (EV_ABS), code 54 (ABS_MT_POSITION_Y), value 1126
Event: time 1778066750.409900, type 3 (EV_ABS), code 58 (ABS_MT_PRESSURE), value 84
Event: time 1778066750.409900, type 3 (EV_ABS), code 49 (ABS_MT_TOUCH_MINOR), value 8
Event: time 1778066750.409900, type 3 (EV_ABS), code 52 (ABS_MT_ORIENTATION), value 2
Event: time 1778066750.409900, -------------- SYN_REPORT ------------
Event: time 1778066750.421719, type 3 (EV_ABS), code 47 (ABS_MT_SLOT), value 0
Event: time 1778066750.421719, type 3 (EV_ABS), code 53 (ABS_MT_POSITION_X), value 308
Event: time 1778066750.421719, type 3 (EV_ABS), code 54 (ABS_MT_POSITION_Y), value 924
Event: time 1778066750.421719, type 3 (EV_ABS), code 58 (ABS_MT_PRESSURE), value 116
Event: time 1778066750.421719, type 3 (EV_ABS), code 48 (ABS_MT_TOUCH_MAJOR), value 17
Event: time 1778066750.421719, type 3 (EV_ABS), code 52 (ABS_MT_ORIENTATION), value 3
Event: time 1778066750.421719, type 3 (EV_ABS), code 47 (ABS_MT_SLOT), value 1
Event: time 1778066750.421719, type 3 (EV_ABS), code 53 (ABS_MT_POSITION_X), value 813
Event: time 1778066750.421719, type 3 (EV_ABS), code 54 (ABS_MT_POSITION_Y), value 1124
Event: time 1778066750.421719, type 3 (EV_ABS), code 58 (ABS_MT_PRESSURE), value 88
Event: time 1778066750.421719, -------------- SYN_REPORT ------------
Event: time 1778066750.433539, type 3 (EV_ABS), code 47 (ABS_MT_SLOT), value 0
Event: time 1778066750.433539, type 3 (EV_ABS), code 53 (ABS_MT_POSITION_X), value 309
Event: time 1778066750.433539, type 3 (EV_ABS), code 54 (ABS_MT_POSITION_Y), value 929
Event: time 1778066750.433539, type 3 (EV_ABS), code 58 (ABS_MT_PRESSURE), value 118
Event: time 1778066750.433539, type 3 (EV_ABS), code 47 (ABS_MT_SLOT), value 1
Event: time 1778066750.433539, type 3 (EV_ABS), code 53 (ABS_MT_POSITION_X), value 815
Event: time 1778066750.433539, type 3 (EV_ABS), code 54 (ABS_MT_POSITION_Y), value 1122
Event: time 1778066750.433539, type 3 (EV_ABS), code 58 (ABS_MT_PRESSURE), value 91
Event: time 1778066750.433539, -------------- SYN_REPORT ------------
Event: time 1778066750.445296, type 3 (EV_ABS), code 47 (ABS_MT_SLOT), value 0
Event: time 1778066750.445296, type 3 (EV_ABS), code 53 (ABS_MT_POSITION_X), value 310
Event: time 1778066750.445296, type 3 (EV_ABS), code 54 (ABS_MT_POSITION_Y), value 934
Event: time 1778066750.445296, type 3 (EV_ABS), code 58 (ABS_MT_PRESSURE), value 117
Event: time 1778066750.445296, type 3 (EV_ABS), code 49 (ABS_MT_TOUCH_MINOR), value 8
Event: time 1778066750.445296, type 3 (EV_ABS), code 52 (ABS_MT_ORIENTATION), value 2
Event: time 1778066750.445296, type 3 (EV_ABS), code 47 (ABS_MT_SLOT), value 1
Event: time 1778066750.445296, type 3 (EV_ABS), code 53 (ABS_MT_POSITION_X), value 818
Event: time 1778066750.445296, type 3 (EV_ABS), code 54 (ABS_MT_POSITION_Y), value 1118
Event: time 1778066750.445296, type 3 (EV_ABS), code 58 (ABS_MT_PRESSURE), value 90
Event: time 1778066750.445296, -------------- SYN_REPORT ------------
Event: time 1778066750.457103, type 3 (EV_ABS), code 47 (ABS_MT_SLOT), value 0
Event: time 1778066750.457103, type 3 (EV_ABS), code 53 (ABS_MT_POSITION_X), value 311
Event: time 1778066750.457103, type 3 (EV_ABS), code 54 (ABS_MT_POSITION_Y), value 940
Event: time 1778066750.457103, type 3 (EV_ABS), code 58 (ABS_MT_PRESSURE), value 108
Event: time 1778066750.457103, type 3 (EV_ABS), code 47 (ABS_MT_SLOT), value 1
Event: time 1778066750.457103, type 3 (EV_ABS), code 53 (ABS_MT_POSITION_X), value 821
Event: time 1778066750.457103, type 3 (EV_ABS), code 54 (ABS_MT_POSITION_Y), value 1114
Event: time 1778066750.457103, type 3 (EV_ABS), code 58 (ABS_MT_PRESSURE), value 88
Event: time 1778066750.457103, -------------- SYN_REPORT ------------
Event: time 1778066750.468879, type 3 (EV_ABS), code 47 (ABS_MT_SLOT), value 0
Event: time 1778066750.468879, type 3 (EV_ABS), code 53 (ABS_MT_POSITION_X), value 312
Event: time 1778066750.468879, type 3 (EV_ABS), code 54 (ABS_MT_POSITION_Y), value 946
Event: time 1778066750.468879, type 3 (EV_ABS), code 47 (ABS_MT_SLOT), value 1
Event: time 1778066750.468879, type 3 (EV_ABS), code 53 (ABS_MT_POSITION_X), value 824
Event: time 1778066750.468879, type 3 (EV_ABS), code 54 (ABS_MT_POSITION_Y), value 1107
Event: time 1778066750.468879, type 3 (EV_ABS), code 48 (ABS_MT_TOUCH_MAJOR), value 8
Event: time 1778066750.468879, type 3 (EV_ABS), code 52 (ABS_MT_ORIENTATION), value 1
Event: time 1778066750.468879, -------------- SYN_REPORT ------------
Event: time 1778066750.480708, type 3 (EV_ABS), code 47 (ABS_MT_SLOT), value 0
Event: time 1778066750.480708, type 3 (EV_ABS), code 53 (ABS_MT_POSITION_X), value 313
Event: time 1778066750.480708, type 3 (EV_ABS), code 54 (ABS_MT_POSITION_Y), value 951
Event: time 1778066750.480708, type 3 (EV_ABS), code 58 (ABS_MT_PRESSURE), value 107
Event: time 1778066750.480708, type 3 (EV_ABS), code 47 (ABS_MT_SLOT), value 1
Event: time 1778066750.480708, type 3 (EV_ABS), code 53 (ABS_MT_POSITION_X), value 827
Event: time 1778066750.480708, type 3 (EV_ABS), code 54 (ABS_MT_POSITION_Y), value 1099
Event: time 1778066750.480708, type 3 (EV_ABS), code 58 (ABS_MT_PRESSURE), value 89
Event: time 1778066750.480708, type 3 (EV_ABS), code 48 (ABS_MT_TOUCH_MAJOR), value 17
Event: time 1778066750.480708, type 3 (EV_ABS), code 52 (ABS_MT_ORIENTATION), value 2
Event: time 1778066750.480708, -------------- SYN_REPORT ------------
Event: time 1778066750.492495, type 3 (EV_ABS), code 47 (ABS_MT_SLOT), value 0
Event: time 1778066750.492495, type 3 (EV_ABS), code 53 (ABS_MT_POSITION_X), value 315
Event: time 1778066750.492495, type 3 (EV_ABS), code 54 (ABS_MT_POSITION_Y), value 956
Event: time 1778066750.492495, type 3 (EV_ABS), code 58 (ABS_MT_PRESSURE), value 106
Event: time 1778066750.492495, type 3 (EV_ABS), code 47 (ABS_MT_SLOT), value 1
Event: time 1778066750.492495, type 3 (EV_ABS), code 53 (ABS_MT_POSITION_X), value 830
Event: time 1778066750.492495, type 3 (EV_ABS), code 54 (ABS_MT_POSITION_Y), value 1091
Event: time 1778066750.492495, type 3 (EV_ABS), code 58 (ABS_MT_PRESSURE), value 88
Event: time 1778066750.492495, -------------- SYN_REPORT ------------
Event: time 1778066750.504326, type 3 (EV_ABS), code 47 (ABS_MT_SLOT), value 0
Event: time 1778066750.504326, type 3 (EV_ABS), code 53 (ABS_MT_POSITION_X), value 316
Event: time 1778066750.504326, type 3 (EV_ABS), code 54 (ABS_MT_POSITION_Y), value 961
Event: time 1778066750.504326, type 3 (EV_ABS), code 58 (ABS_MT_PRESSURE), value 104
Event: time 1778066750.504326, type 3 (EV_ABS), code 47 (ABS_MT_SLOT), value 1
Event: time 1778066750.504326, type 3 (EV_ABS), code 53 (ABS_MT_POSITION_X), value 833
Event: time 1778066750.504326, type 3 (EV_ABS), code 54 (ABS_MT_POSITION_Y), value 1082
Event: time 1778066750.504326, type 3 (EV_ABS), code 58 (ABS_MT_PRESSURE), value 85
Event: time 1778066750.504326, type 3 (EV_ABS), code 49 (ABS_MT_TOUCH_MINOR), value 17
Event: time 1778066750.504326, type 3 (EV_ABS), code 52 (ABS_MT_ORIENTATION), value 3
Event: time 1778066750.504326, -------------- SYN_REPORT ------------
Event: time 1778066750.516089, type 3 (EV_ABS), code 47 (ABS_MT_SLOT), value 0
Event: time 1778066750.516089, type 3 (EV_ABS), code 53 (ABS_MT_POSITION_X), value 317
Event: time 1778066750.516089, type 3 (EV_ABS), code 54 (ABS_MT_POSITION_Y), value 966
Event: time 1778066750.516089, type 3 (EV_ABS), code 58 (ABS_MT_PRESSURE), value 103
Event: time 1778066750.516089, type 3 (EV_ABS), code 48 (ABS_MT_TOUCH_MAJOR), value 8
Event: time 1778066750.516089, type 3 (EV_ABS), code 52 (ABS_MT_ORIENTATION), value 1
Event: time 1778066750.516089, type 3 (EV_ABS), code 47 (ABS_MT_SLOT), value 1
Event: time 1778066750.516089, type 3 (EV_ABS), code 53 (ABS_MT_POSITION_X), value 836
Event: time 1778066750.516089, type 3 (EV_ABS), code 54 (ABS_MT_POSITION_Y), value 1075
Event: time 1778066750.516089, type 3 (EV_ABS), code 58 (ABS_MT_PRESSURE), value 82
Event: time 1778066750.516089, -------------- SYN_REPORT ------------
Event: time 1778066750.527866, type 3 (EV_ABS), code 47 (ABS_MT_SLOT), value 0
Event: time 1778066750.527866, type 3 (EV_ABS), code 53 (ABS_MT_POSITION_X), value 319
Event: time 1778066750.527866, type 3 (EV_ABS), code 54 (ABS_MT_POSITION_Y), value 971
Event: time 1778066750.527866, type 3 (EV_ABS), code 47 (ABS_MT_SLOT), value 1
Event: time 1778066750.527866, type 3 (EV_ABS), code 53 (ABS_MT_POSITION_X), value 838
Event: time 1778066750.527866, type 3 (EV_ABS), code 54 (ABS_MT_POSITION_Y), value 1068
Event: time 1778066750.527866, type 3 (EV_ABS), code 58 (ABS_MT_PRESSURE), value 80
Event: time 1778066750.527866, type 3 (EV_ABS), code 48 (ABS_MT_TOUCH_MAJOR), value 8
Event: time 1778066750.527866, type 3 (EV_ABS), code 52 (ABS_MT_ORIENTATION), value 2
Event: time 1778066750.527866, -------------- SYN_REPORT ------------
Event: time 1778066750.539689, type 3 (EV_ABS), code 47 (ABS_MT_SLOT), value 0
Event: time 1778066750.539689, type 3 (EV_ABS), code 53 (ABS_MT_POSITION_X), value 320
Event: time 1778066750.539689, type 3 (EV_ABS), code 54 (ABS_MT_POSITION_Y), value 977
Event: time 1778066750.539689, type 3 (EV_ABS), code 48 (ABS_MT_TOUCH_MAJOR), value 17
Event: time 1778066750.539689, type 3 (EV_ABS), code 52 (ABS_MT_ORIENTATION), value 2
Event: time 1778066750.539689, type 3 (EV_ABS), code 47 (ABS_MT_SLOT), value 1
Event: time 1778066750.539689, type 3 (EV_ABS), code 53 (ABS_MT_POSITION_X), value 840
Event: time 1778066750.539689, type 3 (EV_ABS), code 54 (ABS_MT_POSITION_Y), value 1060
Event: time 1778066750.539689, type 3 (EV_ABS), code 58 (ABS_MT_PRESSURE), value 79
Event: time 1778066750.539689, -------------- SYN_REPORT ------------
Event: time 1778066750.551485, type 3 (EV_ABS), code 47 (ABS_MT_SLOT), value 0
Event: time 1778066750.551485, type 3 (EV_ABS), code 53 (ABS_MT_POSITION_X), value 322
Event: time 1778066750.551485, type 3 (EV_ABS), code 54 (ABS_MT_POSITION_Y), value 982
Event: time 1778066750.551485, type 3 (EV_ABS), code 47 (ABS_MT_SLOT), value 1
Event: time 1778066750.551485, type 3 (EV_ABS), code 53 (ABS_MT_POSITION_X), value 842
Event: time 1778066750.551485, type 3 (EV_ABS), code 54 (ABS_MT_POSITION_Y), value 1052
Event: time 1778066750.551485, -------------- SYN_REPORT ------------
Event: time 1778066750.563296, type 3 (EV_ABS), code 47 (ABS_MT_SLOT), value 0
Event: time 1778066750.563296, type 3 (EV_ABS), code 53 (ABS_MT_POSITION_X), value 323
Event: time 1778066750.563296, type 3 (EV_ABS), code 54 (ABS_MT_POSITION_Y), value 987
Event: time 1778066750.563296, type 3 (EV_ABS), code 58 (ABS_MT_PRESSURE), value 101
Event: time 1778066750.563296, type 3 (EV_ABS), code 47 (ABS_MT_SLOT), value 1
Event: time 1778066750.563296, type 3 (EV_ABS), code 53 (ABS_MT_POSITION_X), value 843
Event: time 1778066750.563296, type 3 (EV_ABS), code 54 (ABS_MT_POSITION_Y), value 1045
Event: time 1778066750.563296, type 3 (EV_ABS), code 58 (ABS_MT_PRESSURE), value 84
Event: time 1778066750.563296, type 3 (EV_ABS), code 48 (ABS_MT_TOUCH_MAJOR), value 17
Event: time 1778066750.563296, type 3 (EV_ABS), code 52 (ABS_MT_ORIENTATION), value 3
Event: time 1778066750.563296, -------------- SYN_REPORT ------------
Event: time 1778066750.575117, type 3 (EV_ABS), code 47 (ABS_MT_SLOT), value 0
Event: time 1778066750.575117, type 3 (EV_ABS), code 53 (ABS_MT_POSITION_X), value 324
Event: time 1778066750.575117, type 3 (EV_ABS), code 54 (ABS_MT_POSITION_Y), value 993
Event: time 1778066750.575117, type 3 (EV_ABS), code 58 (ABS_MT_PRESSURE), value 98
Event: time 1778066750.575117, type 3 (EV_ABS), code 47 (ABS_MT_SLOT), value 1
Event: time 1778066750.575117, type 3 (EV_ABS), code 54 (ABS_MT_POSITION_Y), value 1038
Event: time 1778066750.575117, type 3 (EV_ABS), code 58 (ABS_MT_PRESSURE), value 82
Event: time 1778066750.575117, type 3 (EV_ABS), code 52 (ABS_MT_ORIENTATION), value 4
Event: time 1778066750.575117, -------------- SYN_REPORT ------------
Event: time 1778066750.586924, type 3 (EV_ABS), code 47 (ABS_MT_SLOT), value 0
Event: time 1778066750.586924, type 3 (EV_ABS), code 53 (ABS_MT_POSITION_X), value 325
Event: time 1778066750.586924, type 3 (EV_ABS), code 54 (ABS_MT_POSITION_Y), value 997
Event: time 1778066750.586924, type 3 (EV_ABS), code 58 (ABS_MT_PRESSURE), value 95
Event: time 1778066750.586924, type 3 (EV_ABS), code 47 (ABS_MT_SLOT), value 1
Event: time 1778066750.586924, type 3 (EV_ABS), code 54 (ABS_MT_POSITION_Y), value 1031
Event: time 1778066750.586924, type 3 (EV_ABS), code 58 (ABS_MT_PRESSURE), value 83
Event: time 1778066750.586924, -------------- SYN_REPORT ------------
Event: time 1778066750.598714, type 3 (EV_ABS), code 47 (ABS_MT_SLOT), value 0
Event: time 1778066750.598714, type 3 (EV_ABS), code 53 (ABS_MT_POSITION_X), value 327
Event: time 1778066750.598714, type 3 (EV_ABS), code 54 (ABS_MT_POSITION_Y), value 1002
Event: time 1778066750.598714, type 3 (EV_ABS), code 49 (ABS_MT_TOUCH_MINOR), value 17
Event: time 1778066750.598714, type 3 (EV_ABS), code 52 (ABS_MT_ORIENTATION), value 3
Event: time 1778066750.598714, type 3 (EV_ABS), code 47 (ABS_MT_SLOT), value 1
Event: time 1778066750.598714, type 3 (EV_ABS), code 54 (ABS_MT_POSITION_Y), value 1024
Event: time 1778066750.598714, type 3 (EV_ABS), code 58 (ABS_MT_PRESSURE), value 81
Event: time 1778066750.598714, type 3 (EV_ABS), code 52 (ABS_MT_ORIENTATION), value 3
Event: time 1778066750.598714, -------------- SYN_REPORT ------------
Event: time 1778066750.610465, type 3 (EV_ABS), code 47 (ABS_MT_SLOT), value 0
Event: time 1778066750.610465, type 3 (EV_ABS), code 53 (ABS_MT_POSITION_X), value 329
Event: time 1778066750.610465, type 3 (EV_ABS), code 54 (ABS_MT_POSITION_Y), value 1007
Event: time 1778066750.610465, type 3 (EV_ABS), code 58 (ABS_MT_PRESSURE), value 93
Event: time 1778066750.610465, type 3 (EV_ABS), code 47 (ABS_MT_SLOT), value 1
Event: time 1778066750.610465, type 3 (EV_ABS), code 54 (ABS_MT_POSITION_Y), value 1016
Event: time 1778066750.610465, type 3 (EV_ABS), code 58 (ABS_MT_PRESSURE), value 78
Event: time 1778066750.610465, type 3 (EV_ABS), code 48 (ABS_MT_TOUCH_MAJOR), value 8
Event: time 1778066750.610465, type 3 (EV_ABS), code 52 (ABS_MT_ORIENTATION), value 2
Event: time 1778066750.610465, -------------- SYN_REPORT ------------
Event: time 1778066750.622243, type 3 (EV_ABS), code 47 (ABS_MT_SLOT), value 0
Event: time 1778066750.622243, type 3 (EV_ABS), code 53 (ABS_MT_POSITION_X), value 331
Event: time 1778066750.622243, type 3 (EV_ABS), code 54 (ABS_MT_POSITION_Y), value 1013
Event: time 1778066750.622243, type 3 (EV_ABS), code 47 (ABS_MT_SLOT), value 1
Event: time 1778066750.622243, type 3 (EV_ABS), code 54 (ABS_MT_POSITION_Y), value 1009
Event: time 1778066750.622243, type 3 (EV_ABS), code 58 (ABS_MT_PRESSURE), value 77
Event: time 1778066750.622243, -------------- SYN_REPORT ------------
Event: time 1778066750.633997, type 3 (EV_ABS), code 47 (ABS_MT_SLOT), value 0
Event: time 1778066750.633997, type 3 (EV_ABS), code 53 (ABS_MT_POSITION_X), value 332
Event: time 1778066750.633997, type 3 (EV_ABS), code 54 (ABS_MT_POSITION_Y), value 1018
Event: time 1778066750.633997, type 3 (EV_ABS), code 58 (ABS_MT_PRESSURE), value 95
Event: time 1778066750.633997, type 3 (EV_ABS), code 48 (ABS_MT_TOUCH_MAJOR), value 8
Event: time 1778066750.633997, type 3 (EV_ABS), code 52 (ABS_MT_ORIENTATION), value 2
Event: time 1778066750.633997, type 3 (EV_ABS), code 47 (ABS_MT_SLOT), value 1
Event: time 1778066750.633997, type 3 (EV_ABS), code 54 (ABS_MT_POSITION_Y), value 1001
Event: time 1778066750.633997, type 3 (EV_ABS), code 58 (ABS_MT_PRESSURE), value 79
Event: time 1778066750.633997, type 3 (EV_ABS), code 49 (ABS_MT_TOUCH_MINOR), value 8
Event: time 1778066750.633997, type 3 (EV_ABS), code 52 (ABS_MT_ORIENTATION), value 1
Event: time 1778066750.633997, -------------- SYN_REPORT ------------
Event: time 1778066750.645807, type 3 (EV_ABS), code 47 (ABS_MT_SLOT), value 0
Event: time 1778066750.645807, type 3 (EV_ABS), code 53 (ABS_MT_POSITION_X), value 334
Event: time 1778066750.645807, type 3 (EV_ABS), code 54 (ABS_MT_POSITION_Y), value 1024
Event: time 1778066750.645807, type 3 (EV_ABS), code 58 (ABS_MT_PRESSURE), value 96
Event: time 1778066750.645807, type 3 (EV_ABS), code 47 (ABS_MT_SLOT), value 1
Event: time 1778066750.645807, type 3 (EV_ABS), code 53 (ABS_MT_POSITION_X), value 841
Event: time 1778066750.645807, type 3 (EV_ABS), code 54 (ABS_MT_POSITION_Y), value 993
Event: time 1778066750.645807, type 3 (EV_ABS), code 58 (ABS_MT_PRESSURE), value 81
Event: time 1778066750.645807, -------------- SYN_REPORT ------------
Event: time 1778066750.657601, type 3 (EV_ABS), code 47 (ABS_MT_SLOT), value 0
Event: time 1778066750.657601, type 3 (EV_ABS), code 53 (ABS_MT_POSITION_X), value 335
Event: time 1778066750.657601, type 3 (EV_ABS), code 54 (ABS_MT_POSITION_Y), value 1030
Event: time 1778066750.657601, type 3 (EV_ABS), code 58 (ABS_MT_PRESSURE), value 97
Event: time 1778066750.657601, type 3 (EV_ABS), code 47 (ABS_MT_SLOT), value 1
Event: time 1778066750.657601, type 3 (EV_ABS), code 53 (ABS_MT_POSITION_X), value 838
Event: time 1778066750.657601, type 3 (EV_ABS), code 54 (ABS_MT_POSITION_Y), value 987
Event: time 1778066750.657601, type 3 (EV_ABS), code 58 (ABS_MT_PRESSURE), value 83
Event: time 1778066750.657601, type 3 (EV_ABS), code 48 (ABS_MT_TOUCH_MAJOR), value 17
Event: time 1778066750.657601, type 3 (EV_ABS), code 52 (ABS_MT_ORIENTATION), value 2
Event: time 1778066750.657601, -------------- SYN_REPORT ------------
Event: time 1778066750.669433, type 3 (EV_ABS), code 47 (ABS_MT_SLOT), value 0
Event: time 1778066750.669433, type 3 (EV_ABS), code 53 (ABS_MT_POSITION_X), value 337
Event: time 1778066750.669433, type 3 (EV_ABS), code 54 (ABS_MT_POSITION_Y), value 1035
Event: time 1778066750.669433, type 3 (EV_ABS), code 58 (ABS_MT_PRESSURE), value 99
Event: time 1778066750.669433, type 3 (EV_ABS), code 48 (ABS_MT_TOUCH_MAJOR), value 17
Event: time 1778066750.669433, type 3 (EV_ABS), code 52 (ABS_MT_ORIENTATION), value 4
Event: time 1778066750.669433, type 3 (EV_ABS), code 47 (ABS_MT_SLOT), value 1
Event: time 1778066750.669433, type 3 (EV_ABS), code 53 (ABS_MT_POSITION_X), value 835
Event: time 1778066750.669433, type 3 (EV_ABS), code 54 (ABS_MT_POSITION_Y), value 980
Event: time 1778066750.669433, type 3 (EV_ABS), code 58 (ABS_MT_PRESSURE), value 84
Event: time 1778066750.669433, -------------- SYN_REPORT ------------
Event: time 1778066750.681226, type 3 (EV_ABS), code 47 (ABS_MT_SLOT), value 0
Event: time 1778066750.681226, type 3 (EV_ABS), code 53 (ABS_MT_POSITION_X), value 338
Event: time 1778066750.681226, type 3 (EV_ABS), code 54 (ABS_MT_POSITION_Y), value 1040
Event: time 1778066750.681226, type 3 (EV_ABS), code 58 (ABS_MT_PRESSURE), value 98
Event: time 1778066750.681226, type 3 (EV_ABS), code 47 (ABS_MT_SLOT), value 1
Event: time 1778066750.681226, type 3 (EV_ABS), code 53 (ABS_MT_POSITION_X), value 832
Event: time 1778066750.681226, type 3 (EV_ABS), code 54 (ABS_MT_POSITION_Y), value 974
Event: time 1778066750.681226, -------------- SYN_REPORT ------------
Event: time 1778066750.693013, type 3 (EV_ABS), code 47 (ABS_MT_SLOT), value 0
Event: time 1778066750.693013, type 3 (EV_ABS), code 53 (ABS_MT_POSITION_X), value 340
Event: time 1778066750.693013, type 3 (EV_ABS), code 54 (ABS_MT_POSITION_Y), value 1045
Event: time 1778066750.693013, type 3 (EV_ABS), code 47 (ABS_MT_SLOT), value 1
Event: time 1778066750.693013, type 3 (EV_ABS), code 53 (ABS_MT_POSITION_X), value 828
Event: time 1778066750.693013, type 3 (EV_ABS), code 54 (ABS_MT_POSITION_Y), value 967
Event: time 1778066750.693013, type 3 (EV_ABS), code 58 (ABS_MT_PRESSURE), value 82
Event: time 1778066750.693013, type 3 (EV_ABS), code 48 (ABS_MT_TOUCH_MAJOR), value 8
Event: time 1778066750.693013, type 3 (EV_ABS), code 49 (ABS_MT_TOUCH_MINOR), value 17
Event: time 1778066750.693013, -------------- SYN_REPORT ------------
Event: time 1778066750.704804, type 3 (EV_ABS), code 47 (ABS_MT_SLOT), value 0
Event: time 1778066750.704804, type 3 (EV_ABS), code 53 (ABS_MT_POSITION_X), value 342
Event: time 1778066750.704804, type 3 (EV_ABS), code 54 (ABS_MT_POSITION_Y), value 1049
Event: time 1778066750.704804, type 3 (EV_ABS), code 58 (ABS_MT_PRESSURE), value 95
Event: time 1778066750.704804, type 3 (EV_ABS), code 47 (ABS_MT_SLOT), value 1
Event: time 1778066750.704804, type 3 (EV_ABS), code 53 (ABS_MT_POSITION_X), value 824
Event: time 1778066750.704804, type 3 (EV_ABS), code 54 (ABS_MT_POSITION_Y), value 959
Event: time 1778066750.704804, type 3 (EV_ABS), code 58 (ABS_MT_PRESSURE), value 79
Event: time 1778066750.704804, -------------- SYN_REPORT ------------
Event: time 1778066750.716575, type 3 (EV_ABS), code 47 (ABS_MT_SLOT), value 0
Event: time 1778066750.716575, type 3 (EV_ABS), code 53 (ABS_MT_POSITION_X), value 344
Event: time 1778066750.716575, type 3 (EV_ABS), code 54 (ABS_MT_POSITION_Y), value 1054
Event: time 1778066750.716575, type 3 (EV_ABS), code 58 (ABS_MT_PRESSURE), value 94
Event: time 1778066750.716575, type 3 (EV_ABS), code 52 (ABS_MT_ORIENTATION), value 3
Event: time 1778066750.716575, type 3 (EV_ABS), code 47 (ABS_MT_SLOT), value 1
Event: time 1778066750.716575, type 3 (EV_ABS), code 53 (ABS_MT_POSITION_X), value 819
Event: time 1778066750.716575, type 3 (EV_ABS), code 54 (ABS_MT_POSITION_Y), value 951
Event: time 1778066750.716575, type 3 (EV_ABS), code 58 (ABS_MT_PRESSURE), value 80
Event: time 1778066750.716575, -------------- SYN_REPORT ------------
Event: time 1778066750.728396, type 3 (EV_ABS), code 47 (ABS_MT_SLOT), value 0
Event: time 1778066750.728396, type 3 (EV_ABS), code 53 (ABS_MT_POSITION_X), value 346
Event: time 1778066750.728396, type 3 (EV_ABS), code 54 (ABS_MT_POSITION_Y), value 1058
Event: time 1778066750.728396, type 3 (EV_ABS), code 58 (ABS_MT_PRESSURE), value 93
Event: time 1778066750.728396, type 3 (EV_ABS), code 47 (ABS_MT_SLOT), value 1
Event: time 1778066750.728396, type 3 (EV_ABS), code 53 (ABS_MT_POSITION_X), value 815
Event: time 1778066750.728396, type 3 (EV_ABS), code 54 (ABS_MT_POSITION_Y), value 943
Event: time 1778066750.728396, type 3 (EV_ABS), code 58 (ABS_MT_PRESSURE), value 79
Event: time 1778066750.728396, type 3 (EV_ABS), code 48 (ABS_MT_TOUCH_MAJOR), value 17
Event: time 1778066750.728396, type 3 (EV_ABS), code 52 (ABS_MT_ORIENTATION), value 3
Event: time 1778066750.728396, -------------- SYN_REPORT ------------
Event: time 1778066750.740221, type 3 (EV_ABS), code 47 (ABS_MT_SLOT), value 0
Event: time 1778066750.740221, type 3 (EV_ABS), code 53 (ABS_MT_POSITION_X), value 347
Event: time 1778066750.740221, type 3 (EV_ABS), code 54 (ABS_MT_POSITION_Y), value 1063
Event: time 1778066750.740221, type 3 (EV_ABS), code 47 (ABS_MT_SLOT), value 1
Event: time 1778066750.740221, type 3 (EV_ABS), code 53 (ABS_MT_POSITION_X), value 811
Event: time 1778066750.740221, type 3 (EV_ABS), code 54 (ABS_MT_POSITION_Y), value 936
Event: time 1778066750.740221, type 3 (EV_ABS), code 58 (ABS_MT_PRESSURE), value 83
Event: time 1778066750.740221, type 3 (EV_ABS), code 52 (ABS_MT_ORIENTATION), value 4
Event: time 1778066750.740221, -------------- SYN_REPORT ------------
Event: time 1778066750.751945, type 3 (EV_ABS), code 47 (ABS_MT_SLOT), value 0
Event: time 1778066750.751945, type 3 (EV_ABS), code 53 (ABS_MT_POSITION_X), value 349
Event: time 1778066750.751945, type 3 (EV_ABS), code 54 (ABS_MT_POSITION_Y), value 1067
Event: time 1778066750.751945, type 3 (EV_ABS), code 48 (ABS_MT_TOUCH_MAJOR), value 8
Event: time 1778066750.751945, type 3 (EV_ABS), code 52 (ABS_MT_ORIENTATION), value 2
Event: time 1778066750.751945, type 3 (EV_ABS), code 47 (ABS_MT_SLOT), value 1
Event: time 1778066750.751945, type 3 (EV_ABS), code 53 (ABS_MT_POSITION_X), value 805
Event: time 1778066750.751945, type 3 (EV_ABS), code 54 (ABS_MT_POSITION_Y), value 929
Event: time 1778066750.751945, type 3 (EV_ABS), code 58 (ABS_MT_PRESSURE), value 87
Event: time 1778066750.751945, type 3 (EV_ABS), code 49 (ABS_MT_TOUCH_MINOR), value 8
Event: time 1778066750.751945, type 3 (EV_ABS), code 52 (ABS_MT_ORIENTATION), value 2
Event: time 1778066750.751945, -------------- SYN_REPORT ------------
Event: time 1778066750.763720, type 3 (EV_ABS), code 47 (ABS_MT_SLOT), value 0
Event: time 1778066750.763720, type 3 (EV_ABS), code 53 (ABS_MT_POSITION_X), value 351
Event: time 1778066750.763720, type 3 (EV_ABS), code 54 (ABS_MT_POSITION_Y), value 1072
Event: time 1778066750.763720, type 3 (EV_ABS), code 58 (ABS_MT_PRESSURE), value 92
Event: time 1778066750.763720, type 3 (EV_ABS), code 47 (ABS_MT_SLOT), value 1
Event: time 1778066750.763720, type 3 (EV_ABS), code 53 (ABS_MT_POSITION_X), value 800
Event: time 1778066750.763720, type 3 (EV_ABS), code 54 (ABS_MT_POSITION_Y), value 922
Event: time 1778066750.763720, type 3 (EV_ABS), code 58 (ABS_MT_PRESSURE), value 86
Event: time 1778066750.763720, -------------- SYN_REPORT ------------
Event: time 1778066750.775492, type 3 (EV_ABS), code 47 (ABS_MT_SLOT), value 0
Event: time 1778066750.775492, type 3 (EV_ABS), code 53 (ABS_MT_POSITION_X), value 353
Event: time 1778066750.775492, type 3 (EV_ABS), code 54 (ABS_MT_POSITION_Y), value 1077
Event: time 1778066750.775492, type 3 (EV_ABS), code 58 (ABS_MT_PRESSURE), value 95
Event: time 1778066750.775492, type 3 (EV_ABS), code 47 (ABS_MT_SLOT), value 1
Event: time 1778066750.775492, type 3 (EV_ABS), code 53 (ABS_MT_POSITION_X), value 794
Event: time 1778066750.775492, type 3 (EV_ABS), code 54 (ABS_MT_POSITION_Y), value 915
Event: time 1778066750.775492, type 3 (EV_ABS), code 58 (ABS_MT_PRESSURE), value 84
Event: time 1778066750.775492, type 3 (EV_ABS), code 48 (ABS_MT_TOUCH_MAJOR), value 8
Event: time 1778066750.775492, type 3 (EV_ABS), code 52 (ABS_MT_ORIENTATION), value 1
Event: time 1778066750.775492, -------------- SYN_REPORT ------------
Event: time 1778066750.787300, type 3 (EV_ABS), code 47 (ABS_MT_SLOT), value 0
Event: time 1778066750.787300, type 3 (EV_ABS), code 53 (ABS_MT_POSITION_X), value 355
Event: time 1778066750.787300, type 3 (EV_ABS), code 54 (ABS_MT_POSITION_Y), value 1082
Event: time 1778066750.787300, type 3 (EV_ABS), code 58 (ABS_MT_PRESSURE), value 93
Event: time 1778066750.787300, type 3 (EV_ABS), code 48 (ABS_MT_TOUCH_MAJOR), value 17
Event: time 1778066750.787300, type 3 (EV_ABS), code 52 (ABS_MT_ORIENTATION), value 3
Event: time 1778066750.787300, type 3 (EV_ABS), code 47 (ABS_MT_SLOT), value 1
Event: time 1778066750.787300, type 3 (EV_ABS), code 53 (ABS_MT_POSITION_X), value 788
Event: time 1778066750.787300, type 3 (EV_ABS), code 54 (ABS_MT_POSITION_Y), value 909
Event: time 1778066750.787300, type 3 (EV_ABS), code 58 (ABS_MT_PRESSURE), value 81
Event: time 1778066750.787300, -------------- SYN_REPORT ------------
Event: time 1778066750.799119, type 3 (EV_ABS), code 47 (ABS_MT_SLOT), value 0
Event: time 1778066750.799119, type 3 (EV_ABS), code 53 (ABS_MT_POSITION_X), value 357
Event: time 1778066750.799119, type 3 (EV_ABS), code 54 (ABS_MT_POSITION_Y), value 1087
Event: time 1778066750.799119, type 3 (EV_ABS), code 47 (ABS_MT_SLOT), value 1
Event: time 1778066750.799119, type 3 (EV_ABS), code 53 (ABS_MT_POSITION_X), value 782
Event: time 1778066750.799119, type 3 (EV_ABS), code 54 (ABS_MT_POSITION_Y), value 902
Event: time 1778066750.799119, type 3 (EV_ABS), code 49 (ABS_MT_TOUCH_MINOR), value 17
Event: time 1778066750.799119, type 3 (EV_ABS), code 52 (ABS_MT_ORIENTATION), value 2
Event: time 1778066750.799119, -------------- SYN_REPORT ------------
Event: time 1778066750.810904, type 3 (EV_ABS), code 47 (ABS_MT_SLOT), value 0
Event: time 1778066750.810904, type 3 (EV_ABS), code 53 (ABS_MT_POSITION_X), value 360
Event: time 1778066750.810904, type 3 (EV_ABS), code 54 (ABS_MT_POSITION_Y), value 1093
Event: time 1778066750.810904, type 3 (EV_ABS), code 58 (ABS_MT_PRESSURE), value 92
Event: time 1778066750.810904, type 3 (EV_ABS), code 47 (ABS_MT_SLOT), value 1
Event: time 1778066750.810904, type 3 (EV_ABS), code 53 (ABS_MT_POSITION_X), value 777
Event: time 1778066750.810904, type 3 (EV_ABS), code 54 (ABS_MT_POSITION_Y), value 895
Event: time 1778066750.810904, type 3 (EV_ABS), code 58 (ABS_MT_PRESSURE), value 83
Event: time 1778066750.810904, -------------- SYN_REPORT ------------
Event: time 1778066750.822680, type 3 (EV_ABS), code 47 (ABS_MT_SLOT), value 0
Event: time 1778066750.822680, type 3 (EV_ABS), code 53 (ABS_MT_POSITION_X), value 363
Event: time 1778066750.822680, type 3 (EV_ABS), code 54 (ABS_MT_POSITION_Y), value 1098
Event: time 1778066750.822680, type 3 (EV_ABS), code 58 (ABS_MT_PRESSURE), value 90
Event: time 1778066750.822680, type 3 (EV_ABS), code 49 (ABS_MT_TOUCH_MINOR), value 8
Event: time 1778066750.822680, type 3 (EV_ABS), code 52 (ABS_MT_ORIENTATION), value 2
Event: time 1778066750.822680, type 3 (EV_ABS), code 47 (ABS_MT_SLOT), value 1
Event: time 1778066750.822680, type 3 (EV_ABS), code 53 (ABS_MT_POSITION_X), value 772
Event: time 1778066750.822680, type 3 (EV_ABS), code 54 (ABS_MT_POSITION_Y), value 889
Event: time 1778066750.822680, type 3 (EV_ABS), code 58 (ABS_MT_PRESSURE), value 82
Event: time 1778066750.822680, -------------- SYN_REPORT ------------
Event: time 1778066750.834527, type 3 (EV_ABS), code 47 (ABS_MT_SLOT), value 0
Event: time 1778066750.834527, type 3 (EV_ABS), code 53 (ABS_MT_POSITION_X), value 367
Event: time 1778066750.834527, type 3 (EV_ABS), code 54 (ABS_MT_POSITION_Y), value 1103
Event: time 1778066750.834527, type 3 (EV_ABS), code 58 (ABS_MT_PRESSURE), value 89
Event: time 1778066750.834527, type 3 (EV_ABS), code 49 (ABS_MT_TOUCH_MINOR), value 17
Event: time 1778066750.834527, type 3 (EV_ABS), code 52 (ABS_MT_ORIENTATION), value 3
Event: time 1778066750.834527, type 3 (EV_ABS), code 47 (ABS_MT_SLOT), value 1
Event: time 1778066750.834527, type 3 (EV_ABS), code 53 (ABS_MT_POSITION_X), value 767
Event: time 1778066750.834527, type 3 (EV_ABS), code 54 (ABS_MT_POSITION_Y), value 884
Event: time 1778066750.834527, type 3 (EV_ABS), code 58 (ABS_MT_PRESSURE), value 81
Event: time 1778066750.834527, type 3 (EV_ABS), code 48 (ABS_MT_TOUCH_MAJOR), value 17
Event: time 1778066750.834527, type 3 (EV_ABS), code 52 (ABS_MT_ORIENTATION), value 3
Event: time 1778066750.834527, -------------- SYN_REPORT ------------
Event: time 1778066750.846305, type 3 (EV_ABS), code 47 (ABS_MT_SLOT), value 0
Event: time 1778066750.846305, type 3 (EV_ABS), code 53 (ABS_MT_POSITION_X), value 371
Event: time 1778066750.846305, type 3 (EV_ABS), code 54 (ABS_MT_POSITION_Y), value 1108
Event: time 1778066750.846305, type 3 (EV_ABS), code 58 (ABS_MT_PRESSURE), value 86
Event: time 1778066750.846305, type 3 (EV_ABS), code 47 (ABS_MT_SLOT), value 1
Event: time 1778066750.846305, type 3 (EV_ABS), code 53 (ABS_MT_POSITION_X), value 763
Event: time 1778066750.846305, type 3 (EV_ABS), code 54 (ABS_MT_POSITION_Y), value 880
Event: time 1778066750.846305, type 3 (EV_ABS), code 58 (ABS_MT_PRESSURE), value 82
Event: time 1778066750.846305, -------------- SYN_REPORT ------------
Event: time 1778066750.858076, type 3 (EV_ABS), code 47 (ABS_MT_SLOT), value 0
Event: time 1778066750.858076, type 3 (EV_ABS), code 53 (ABS_MT_POSITION_X), value 376
Event: time 1778066750.858076, type 3 (EV_ABS), code 54 (ABS_MT_POSITION_Y), value 1113
Event: time 1778066750.858076, type 3 (EV_ABS), code 58 (ABS_MT_PRESSURE), value 84
Event: time 1778066750.858076, type 3 (EV_ABS), code 48 (ABS_MT_TOUCH_MAJOR), value 8
Event: time 1778066750.858076, type 3 (EV_ABS), code 52 (ABS_MT_ORIENTATION), value 2
Event: time 1778066750.858076, type 3 (EV_ABS), code 47 (ABS_MT_SLOT), value 1
Event: time 1778066750.858076, type 3 (EV_ABS), code 53 (ABS_MT_POSITION_X), value 759
Event: time 1778066750.858076, type 3 (EV_ABS), code 54 (ABS_MT_POSITION_Y), value 877
Event: time 1778066750.858076, type 3 (EV_ABS), code 58 (ABS_MT_PRESSURE), value 83
Event: time 1778066750.858076, -------------- SYN_REPORT ------------
Event: time 1778066750.869864, type 3 (EV_ABS), code 47 (ABS_MT_SLOT), value 0
Event: time 1778066750.869864, type 3 (EV_ABS), code 53 (ABS_MT_POSITION_X), value 381
Event: time 1778066750.869864, type 3 (EV_ABS), code 54 (ABS_MT_POSITION_Y), value 1119
Event: time 1778066750.869864, type 3 (EV_ABS), code 58 (ABS_MT_PRESSURE), value 83
Event: time 1778066750.869864, type 3 (EV_ABS), code 47 (ABS_MT_SLOT), value 1
Event: time 1778066750.869864, type 3 (EV_ABS), code 53 (ABS_MT_POSITION_X), value 755
Event: time 1778066750.869864, type 3 (EV_ABS), code 54 (ABS_MT_POSITION_Y), value 875
Event: time 1778066750.869864, type 3 (EV_ABS), code 58 (ABS_MT_PRESSURE), value 86
Event: time 1778066750.869864, -------------- SYN_REPORT ------------
Event: time 1778066750.881644, type 3 (EV_ABS), code 47 (ABS_MT_SLOT), value 0
Event: time 1778066750.881644, type 3 (EV_ABS), code 53 (ABS_MT_POSITION_X), value 385
Event: time 1778066750.881644, type 3 (EV_ABS), code 54 (ABS_MT_POSITION_Y), value 1124
Event: time 1778066750.881644, type 3 (EV_ABS), code 58 (ABS_MT_PRESSURE), value 82
Event: time 1778066750.881644, type 3 (EV_ABS), code 47 (ABS_MT_SLOT), value 1
Event: time 1778066750.881644, type 3 (EV_ABS), code 53 (ABS_MT_POSITION_X), value 751
Event: time 1778066750.881644, type 3 (EV_ABS), code 54 (ABS_MT_POSITION_Y), value 874
Event: time 1778066750.881644, -------------- SYN_REPORT ------------
Event: time 1778066750.893459, type 3 (EV_ABS), code 47 (ABS_MT_SLOT), value 0
Event: time 1778066750.893459, type 3 (EV_ABS), code 53 (ABS_MT_POSITION_X), value 390
Event: time 1778066750.893459, type 3 (EV_ABS), code 54 (ABS_MT_POSITION_Y), value 1130
Event: time 1778066750.893459, type 3 (EV_ABS), code 58 (ABS_MT_PRESSURE), value 80
Event: time 1778066750.893459, type 3 (EV_ABS), code 48 (ABS_MT_TOUCH_MAJOR), value 17
Event: time 1778066750.893459, type 3 (EV_ABS), code 52 (ABS_MT_ORIENTATION), value 3
Event: time 1778066750.893459, type 3 (EV_ABS), code 47 (ABS_MT_SLOT), value 1
Event: time 1778066750.893459, type 3 (EV_ABS), code 53 (ABS_MT_POSITION_X), value 748
Event: time 1778066750.893459, type 3 (EV_ABS), code 54 (ABS_MT_POSITION_Y), value 873
Event: time 1778066750.893459, -------------- SYN_REPORT ------------
Event: time 1778066750.905239, type 3 (EV_ABS), code 47 (ABS_MT_SLOT), value 0
Event: time 1778066750.905239, type 3 (EV_ABS), code 53 (ABS_MT_POSITION_X), value 394
Event: time 1778066750.905239, type 3 (EV_ABS), code 54 (ABS_MT_POSITION_Y), value 1136
Event: time 1778066750.905239, type 3 (EV_ABS), code 58 (ABS_MT_PRESSURE), value 83
Event: time 1778066750.905239, type 3 (EV_ABS), code 47 (ABS_MT_SLOT), value 1
Event: time 1778066750.905239, type 3 (EV_ABS), code 53 (ABS_MT_POSITION_X), value 745
Event: time 1778066750.905239, type 3 (EV_ABS), code 58 (ABS_MT_PRESSURE), value 85
Event: time 1778066750.905239, type 3 (EV_ABS), code 49 (ABS_MT_TOUCH_MINOR), value 8
Event: time 1778066750.905239, type 3 (EV_ABS), code 52 (ABS_MT_ORIENTATION), value 2
Event: time 1778066750.905239, -------------- SYN_REPORT ------------
Event: time 1778066750.917011, type 3 (EV_ABS), code 47 (ABS_MT_SLOT), value 0
Event: time 1778066750.917011, type 3 (EV_ABS), code 53 (ABS_MT_POSITION_X), value 398
Event: time 1778066750.917011, type 3 (EV_ABS), code 54 (ABS_MT_POSITION_Y), value 1142
Event: time 1778066750.917011, type 3 (EV_ABS), code 58 (ABS_MT_PRESSURE), value 80
Event: time 1778066750.917011, type 3 (EV_ABS), code 47 (ABS_MT_SLOT), value 1
Event: time 1778066750.917011, type 3 (EV_ABS), code 53 (ABS_MT_POSITION_X), value 742
Event: time 1778066750.917011, type 3 (EV_ABS), code 48 (ABS_MT_TOUCH_MAJOR), value 8
Event: time 1778066750.917011, type 3 (EV_ABS), code 52 (ABS_MT_ORIENTATION), value 1
Event: time 1778066750.917011, -------------- SYN_REPORT ------------
Event: time 1778066750.928795, type 3 (EV_ABS), code 47 (ABS_MT_SLOT), value 0
Event: time 1778066750.928795, type 3 (EV_ABS), code 53 (ABS_MT_POSITION_X), value 402
Event: time 1778066750.928795, type 3 (EV_ABS), code 54 (ABS_MT_POSITION_Y), value 1147
Event: time 1778066750.928795, type 3 (EV_ABS), code 58 (ABS_MT_PRESSURE), value 81
Event: time 1778066750.928795, type 3 (EV_ABS), code 47 (ABS_MT_SLOT), value 1
Event: time 1778066750.928795, type 3 (EV_ABS), code 53 (ABS_MT_POSITION_X), value 739
Event: time 1778066750.928795, -------------- SYN_REPORT ------------
Event: time 1778066750.940541, type 3 (EV_ABS), code 47 (ABS_MT_SLOT), value 0
Event: time 1778066750.940541, type 3 (EV_ABS), code 53 (ABS_MT_POSITION_X), value 406
Event: time 1778066750.940541, type 3 (EV_ABS), code 54 (ABS_MT_POSITION_Y), value 1153
Event: time 1778066750.940541, type 3 (EV_ABS), code 48 (ABS_MT_TOUCH_MAJOR), value 8
Event: time 1778066750.940541, type 3 (EV_ABS), code 49 (ABS_MT_TOUCH_MINOR), value 8
Event: time 1778066750.940541, type 3 (EV_ABS), code 52 (ABS_MT_ORIENTATION), value 1
Event: time 1778066750.940541, type 3 (EV_ABS), code 47 (ABS_MT_SLOT), value 1
Event: time 1778066750.940541, type 3 (EV_ABS), code 53 (ABS_MT_POSITION_X), value 737
Event: time 1778066750.940541, type 3 (EV_ABS), code 58 (ABS_MT_PRESSURE), value 86
Event: time 1778066750.940541, -------------- SYN_REPORT ------------
Event: time 1778066750.952331, type 3 (EV_ABS), code 47 (ABS_MT_SLOT), value 0
Event: time 1778066750.952331, type 3 (EV_ABS), code 53 (ABS_MT_POSITION_X), value 410
Event: time 1778066750.952331, type 3 (EV_ABS), code 54 (ABS_MT_POSITION_Y), value 1158
Event: time 1778066750.952331, type 3 (EV_ABS), code 58 (ABS_MT_PRESSURE), value 79
Event: time 1778066750.952331, type 3 (EV_ABS), code 47 (ABS_MT_SLOT), value 1
Event: time 1778066750.952331, type 3 (EV_ABS), code 53 (ABS_MT_POSITION_X), value 736
Event: time 1778066750.952331, -------------- SYN_REPORT ------------
Event: time 1778066750.964109, type 3 (EV_ABS), code 47 (ABS_MT_SLOT), value 0
Event: time 1778066750.964109, type 3 (EV_ABS), code 53 (ABS_MT_POSITION_X), value 414
Event: time 1778066750.964109, type 3 (EV_ABS), code 54 (ABS_MT_POSITION_Y), value 1164
Event: time 1778066750.964109, type 3 (EV_ABS), code 47 (ABS_MT_SLOT), value 1
Event: time 1778066750.964109, type 3 (EV_ABS), code 53 (ABS_MT_POSITION_X), value 735
Event: time 1778066750.964109, -------------- SYN_REPORT ------------
Event: time 1778066750.975912, type 3 (EV_ABS), code 47 (ABS_MT_SLOT), value 0
Event: time 1778066750.975912, type 3 (EV_ABS), code 53 (ABS_MT_POSITION_X), value 417
Event: time 1778066750.975912, type 3 (EV_ABS), code 54 (ABS_MT_POSITION_Y), value 1169
Event: time 1778066750.975912, type 3 (EV_ABS), code 58 (ABS_MT_PRESSURE), value 78
Event: time 1778066750.975912, type 3 (EV_ABS), code 47 (ABS_MT_SLOT), value 1
Event: time 1778066750.975912, type 3 (EV_ABS), code 53 (ABS_MT_POSITION_X), value 734
Event: time 1778066750.975912, type 3 (EV_ABS), code 58 (ABS_MT_PRESSURE), value 87
Event: time 1778066750.975912, -------------- SYN_REPORT ------------
Event: time 1778066750.987695, type 3 (EV_ABS), code 47 (ABS_MT_SLOT), value 0
Event: time 1778066750.987695, type 3 (EV_ABS), code 53 (ABS_MT_POSITION_X), value 420
Event: time 1778066750.987695, type 3 (EV_ABS), code 54 (ABS_MT_POSITION_Y), value 1174
Event: time 1778066750.987695, type 3 (EV_ABS), code 47 (ABS_MT_SLOT), value 1
Event: time 1778066750.987695, type 3 (EV_ABS), code 53 (ABS_MT_POSITION_X), value 733
Event: time 1778066750.987695, type 3 (EV_ABS), code 58 (ABS_MT_PRESSURE), value 88
Event: time 1778066750.987695, -------------- SYN_REPORT ------------
Event: time 1778066750.999507, type 3 (EV_ABS), code 47 (ABS_MT_SLOT), value 0
Event: time 1778066750.999507, type 3 (EV_ABS), code 53 (ABS_MT_POSITION_X), value 422
Event: time 1778066750.999507, type 3 (EV_ABS), code 54 (ABS_MT_POSITION_Y), value 1181
Event: time 1778066750.999507, type 3 (EV_ABS), code 58 (ABS_MT_PRESSURE), value 76
Event: time 1778066750.999507, type 3 (EV_ABS), code 47 (ABS_MT_SLOT), value 1
Event: time 1778066750.999507, type 3 (EV_ABS), code 58 (ABS_MT_PRESSURE), value 89
Event: time 1778066750.999507, type 3 (EV_ABS), code 48 (ABS_MT_TOUCH_MAJOR), value 17
Event: time 1778066750.999507, type 3 (EV_ABS), code 52 (ABS_MT_ORIENTATION), value 2
Event: time 1778066750.999507, -------------- SYN_REPORT ------------
Event: time 1778066751.011332, type 3 (EV_ABS), code 47 (ABS_MT_SLOT), value 0
Event: time 1778066751.011332, type 3 (EV_ABS), code 53 (ABS_MT_POSITION_X), value 423
Event: time 1778066751.011332, type 3 (EV_ABS), code 54 (ABS_MT_POSITION_Y), value 1189
Event: time 1778066751.011332, type 3 (EV_ABS), code 58 (ABS_MT_PRESSURE), value 67
Event: time 1778066751.011332, type 3 (EV_ABS), code 48 (ABS_MT_TOUCH_MAJOR), value 17
Event: time 1778066751.011332, type 3 (EV_ABS), code 52 (ABS_MT_ORIENTATION), value 2
Event: time 1778066751.011332, type 3 (EV_ABS), code 47 (ABS_MT_SLOT), value 1
Event: time 1778066751.011332, type 3 (EV_ABS), code 58 (ABS_MT_PRESSURE), value 91
Event: time 1778066751.011332, -------------- SYN_REPORT ------------
Event: time 1778066751.023275, type 3 (EV_ABS), code 47 (ABS_MT_SLOT), value 0
Event: time 1778066751.023275, type 3 (EV_ABS), code 53 (ABS_MT_POSITION_X), value 424
Event: time 1778066751.023275, type 3 (EV_ABS), code 54 (ABS_MT_POSITION_Y), value 1199
Event: time 1778066751.023275, type 3 (EV_ABS), code 58 (ABS_MT_PRESSURE), value 48
Event: time 1778066751.023275, type 3 (EV_ABS), code 48 (ABS_MT_TOUCH_MAJOR), value 8
Event: time 1778066751.023275, type 3 (EV_ABS), code 52 (ABS_MT_ORIENTATION), value 1
Event: time 1778066751.023275, type 3 (EV_ABS), code 47 (ABS_MT_SLOT), value 1
Event: time 1778066751.023275, type 3 (EV_ABS), code 58 (ABS_MT_PRESSURE), value 89
Event: time 1778066751.023275, -------------- SYN_REPORT ------------
Event: time 1778066751.034870, type 3 (EV_ABS), code 58 (ABS_MT_PRESSURE), value 88
Event: time 1778066751.034870, -------------- SYN_REPORT ------------
Event: time 1778066751.046676, type 3 (EV_ABS), code 58 (ABS_MT_PRESSURE), value 84
Event: time 1778066751.046676, -------------- SYN_REPORT ------------
Event: time 1778066751.058046, type 3 (EV_ABS), code 58 (ABS_MT_PRESSURE), value 76
Event: time 1778066751.058046, type 3 (EV_ABS), code 48 (ABS_MT_TOUCH_MAJOR), value 8
Event: time 1778066751.058046, type 3 (EV_ABS), code 52 (ABS_MT_ORIENTATION), value 1
Event: time 1778066751.058046, type 3 (EV_ABS), code 47 (ABS_MT_SLOT), value 0
Event: time 1778066751.058046, type 3 (EV_ABS), code 57 (ABS_MT_TRACKING_ID), value -1
Event: time 1778066751.058046, -------------- SYN_REPORT ------------
Event: time 1778066751.068903, type 3 (EV_ABS), code 47 (ABS_MT_SLOT), value 1
Event: time 1778066751.068903, type 3 (EV_ABS), code 58 (ABS_MT_PRESSURE), value 68
Event: time 1778066751.068903, type 3 (EV_ABS), code 49 (ABS_MT_TOUCH_MINOR), value 17
Event: time 1778066751.068903, type 3 (EV_ABS), code 52 (ABS_MT_ORIENTATION), value 2
Event: time 1778066751.068903, -------------- SYN_REPORT ------------
Event: time 1778066751.080702, type 3 (EV_ABS), code 53 (ABS_MT_POSITION_X), value 734
Event: time 1778066751.080702, type 3 (EV_ABS), code 58 (ABS_MT_PRESSURE), value 60
Event: time 1778066751.080702, -------------- SYN_REPORT ------------
Event: time 1778066751.092473, type 3 (EV_ABS), code 53 (ABS_MT_POSITION_X), value 736
Event: time 1778066751.092473, type 3 (EV_ABS), code 58 (ABS_MT_PRESSURE), value 49
Event: time 1778066751.092473, -------------- SYN_REPORT ------------
Event: time 1778066751.127615, type 3 (EV_ABS), code 57 (ABS_MT_TRACKING_ID), value -1
Event: time 1778066751.127615, -------------- SYN_REPORT ------------
Event: time 1778066751.459239, type 3 (EV_ABS), code 47 (ABS_MT_SLOT), value 0
Event: time 1778066751.459239, type 3 (EV_ABS), code 57 (ABS_MT_TRACKING_ID), value 1396
Event: time 1778066751.459239, type 3 (EV_ABS), code 53 (ABS_MT_POSITION_X), value 816
Event: time 1778066751.459239, type 3 (EV_ABS), code 54 (ABS_MT_POSITION_Y), value 1256
Event: time 1778066751.459239, type 3 (EV_ABS), code 58 (ABS_MT_PRESSURE), value 73
Event: time 1778066751.459239, type 3 (EV_ABS), code 48 (ABS_MT_TOUCH_MAJOR), value 17
Event: time 1778066751.459239, type 3 (EV_ABS), code 49 (ABS_MT_TOUCH_MINOR), value 17
Event: time 1778066751.459239, type 3 (EV_ABS), code 52 (ABS_MT_ORIENTATION), value 3
Event: time 1778066751.459239, type 3 (EV_ABS), code 47 (ABS_MT_SLOT), value 1
Event: time 1778066751.459239, type 3 (EV_ABS), code 57 (ABS_MT_TRACKING_ID), value 1397
Event: time 1778066751.459239, type 3 (EV_ABS), code 53 (ABS_MT_POSITION_X), value 1088
Event: time 1778066751.459239, type 3 (EV_ABS), code 54 (ABS_MT_POSITION_Y), value 898
Event: time 1778066751.459239, type 3 (EV_ABS), code 58 (ABS_MT_PRESSURE), value 79
Event: time 1778066751.459239, type 3 (EV_ABS), code 49 (ABS_MT_TOUCH_MINOR), value 8
Event: time 1778066751.459239, type 3 (EV_ABS), code 52 (ABS_MT_ORIENTATION), value 1
Event: time 1778066751.459239, -------------- SYN_REPORT ------------
Event: time 1778066751.506372, type 3 (EV_ABS), code 47 (ABS_MT_SLOT), value 0
Event: time 1778066751.506372, type 3 (EV_ABS), code 53 (ABS_MT_POSITION_X), value 814
Event: time 1778066751.506372, type 3 (EV_ABS), code 54 (ABS_MT_POSITION_Y), value 1255
Event: time 1778066751.506372, type 3 (EV_ABS), code 47 (ABS_MT_SLOT), value 1
Event: time 1778066751.506372, type 3 (EV_ABS), code 53 (ABS_MT_POSITION_X), value 1086
Event: time 1778066751.506372, type 3 (EV_ABS), code 58 (ABS_MT_PRESSURE), value 76
Event: time 1778066751.506372, -------------- SYN_REPORT ------------
Event: time 1778066751.518082, type 3 (EV_ABS), code 47 (ABS_MT_SLOT), value 0
Event: time 1778066751.518082, type 3 (EV_ABS), code 53 (ABS_MT_POSITION_X), value 812
Event: time 1778066751.518082, type 3 (EV_ABS), code 54 (ABS_MT_POSITION_Y), value 1254
Event: time 1778066751.518082, type 3 (EV_ABS), code 58 (ABS_MT_PRESSURE), value 69
Event: time 1778066751.518082, type 3 (EV_ABS), code 48 (ABS_MT_TOUCH_MAJOR), value 8
Event: time 1778066751.518082, type 3 (EV_ABS), code 52 (ABS_MT_ORIENTATION), value 2
Event: time 1778066751.518082, type 3 (EV_ABS), code 47 (ABS_MT_SLOT), value 1
Event: time 1778066751.518082, type 3 (EV_ABS), code 53 (ABS_MT_POSITION_X), value 1083
Event: time 1778066751.518082, type 3 (EV_ABS), code 58 (ABS_MT_PRESSURE), value 77
Event: time 1778066751.518082, -------------- SYN_REPORT ------------
Event: time 1778066751.529876, type 3 (EV_ABS), code 47 (ABS_MT_SLOT), value 0
Event: time 1778066751.529876, type 3 (EV_ABS), code 53 (ABS_MT_POSITION_X), value 809
Event: time 1778066751.529876, type 3 (EV_ABS), code 54 (ABS_MT_POSITION_Y), value 1252
Event: time 1778066751.529876, type 3 (EV_ABS), code 58 (ABS_MT_PRESSURE), value 72
Event: time 1778066751.529876, type 3 (EV_ABS), code 47 (ABS_MT_SLOT), value 1
Event: time 1778066751.529876, type 3 (EV_ABS), code 53 (ABS_MT_POSITION_X), value 1080
Event: time 1778066751.529876, type 3 (EV_ABS), code 58 (ABS_MT_PRESSURE), value 78
Event: time 1778066751.529876, -------------- SYN_REPORT ------------
Event: time 1778066751.541678, type 3 (EV_ABS), code 47 (ABS_MT_SLOT), value 0
Event: time 1778066751.541678, type 3 (EV_ABS), code 53 (ABS_MT_POSITION_X), value 805
Event: time 1778066751.541678, type 3 (EV_ABS), code 54 (ABS_MT_POSITION_Y), value 1251
Event: time 1778066751.541678, type 3 (EV_ABS), code 58 (ABS_MT_PRESSURE), value 77
Event: time 1778066751.541678, type 3 (EV_ABS), code 47 (ABS_MT_SLOT), value 1
Event: time 1778066751.541678, type 3 (EV_ABS), code 53 (ABS_MT_POSITION_X), value 1076
Event: time 1778066751.541678, type 3 (EV_ABS), code 58 (ABS_MT_PRESSURE), value 79
Event: time 1778066751.541678, type 3 (EV_ABS), code 49 (ABS_MT_TOUCH_MINOR), value 17
Event: time 1778066751.541678, type 3 (EV_ABS), code 52 (ABS_MT_ORIENTATION), value 2
Event: time 1778066751.541678, -------------- SYN_REPORT ------------
Event: time 1778066751.553455, type 3 (EV_ABS), code 47 (ABS_MT_SLOT), value 0
Event: time 1778066751.553455, type 3 (EV_ABS), code 53 (ABS_MT_POSITION_X), value 801
Event: time 1778066751.553455, type 3 (EV_ABS), code 54 (ABS_MT_POSITION_Y), value 1249
Event: time 1778066751.553455, type 3 (EV_ABS), code 58 (ABS_MT_PRESSURE), value 78
Event: time 1778066751.553455, type 3 (EV_ABS), code 49 (ABS_MT_TOUCH_MINOR), value 8
Event: time 1778066751.553455, type 3 (EV_ABS), code 52 (ABS_MT_ORIENTATION), value 1
Event: time 1778066751.553455, type 3 (EV_ABS), code 47 (ABS_MT_SLOT), value 1
Event: time 1778066751.553455, type 3 (EV_ABS), code 53 (ABS_MT_POSITION_X), value 1072
Event: time 1778066751.553455, -------------- SYN_REPORT ------------
Event: time 1778066751.565220, type 3 (EV_ABS), code 47 (ABS_MT_SLOT), value 0
Event: time 1778066751.565220, type 3 (EV_ABS), code 53 (ABS_MT_POSITION_X), value 796
Event: time 1778066751.565220, type 3 (EV_ABS), code 54 (ABS_MT_POSITION_Y), value 1247
Event: time 1778066751.565220, type 3 (EV_ABS), code 58 (ABS_MT_PRESSURE), value 77
Event: time 1778066751.565220, type 3 (EV_ABS), code 47 (ABS_MT_SLOT), value 1
Event: time 1778066751.565220, type 3 (EV_ABS), code 53 (ABS_MT_POSITION_X), value 1067
Event: time 1778066751.565220, type 3 (EV_ABS), code 58 (ABS_MT_PRESSURE), value 80
Event: time 1778066751.565220, -------------- SYN_REPORT ------------
Event: time 1778066751.577022, type 3 (EV_ABS), code 47 (ABS_MT_SLOT), value 0
Event: time 1778066751.577022, type 3 (EV_ABS), code 53 (ABS_MT_POSITION_X), value 790
Event: time 1778066751.577022, type 3 (EV_ABS), code 54 (ABS_MT_POSITION_Y), value 1245
Event: time 1778066751.577022, type 3 (EV_ABS), code 58 (ABS_MT_PRESSURE), value 76
Event: time 1778066751.577022, type 3 (EV_ABS), code 47 (ABS_MT_SLOT), value 1
Event: time 1778066751.577022, type 3 (EV_ABS), code 53 (ABS_MT_POSITION_X), value 1061
Event: time 1778066751.577022, type 3 (EV_ABS), code 58 (ABS_MT_PRESSURE), value 81
Event: time 1778066751.577022, -------------- SYN_REPORT ------------
Event: time 1778066751.588759, type 3 (EV_ABS), code 47 (ABS_MT_SLOT), value 0
Event: time 1778066751.588759, type 3 (EV_ABS), code 53 (ABS_MT_POSITION_X), value 784
Event: time 1778066751.588759, type 3 (EV_ABS), code 54 (ABS_MT_POSITION_Y), value 1242
Event: time 1778066751.588759, type 3 (EV_ABS), code 47 (ABS_MT_SLOT), value 1
Event: time 1778066751.588759, type 3 (EV_ABS), code 53 (ABS_MT_POSITION_X), value 1054
Event: time 1778066751.588759, type 3 (EV_ABS), code 49 (ABS_MT_TOUCH_MINOR), value 8
Event: time 1778066751.588759, type 3 (EV_ABS), code 52 (ABS_MT_ORIENTATION), value 1
Event: time 1778066751.588759, -------------- SYN_REPORT ------------
Event: time 1778066751.600584, type 3 (EV_ABS), code 47 (ABS_MT_SLOT), value 0
Event: time 1778066751.600584, type 3 (EV_ABS), code 53 (ABS_MT_POSITION_X), value 776
Event: time 1778066751.600584, type 3 (EV_ABS), code 54 (ABS_MT_POSITION_Y), value 1240
Event: time 1778066751.600584, type 3 (EV_ABS), code 58 (ABS_MT_PRESSURE), value 74
Event: time 1778066751.600584, type 3 (EV_ABS), code 49 (ABS_MT_TOUCH_MINOR), value 17
Event: time 1778066751.600584, type 3 (EV_ABS), code 52 (ABS_MT_ORIENTATION), value 2
Event: time 1778066751.600584, type 3 (EV_ABS), code 47 (ABS_MT_SLOT), value 1
Event: time 1778066751.600584, type 3 (EV_ABS), code 53 (ABS_MT_POSITION_X), value 1045
Event: time 1778066751.600584, type 3 (EV_ABS), code 54 (ABS_MT_POSITION_Y), value 897
Event: time 1778066751.600584, type 3 (EV_ABS), code 58 (ABS_MT_PRESSURE), value 80
Event: time 1778066751.600584, -------------- SYN_REPORT ------------
Event: time 1778066751.612408, type 3 (EV_ABS), code 47 (ABS_MT_SLOT), value 0
Event: time 1778066751.612408, type 3 (EV_ABS), code 53 (ABS_MT_POSITION_X), value 768
Event: time 1778066751.612408, type 3 (EV_ABS), code 54 (ABS_MT_POSITION_Y), value 1237
Event: time 1778066751.612408, type 3 (EV_ABS), code 58 (ABS_MT_PRESSURE), value 78
Event: time 1778066751.612408, type 3 (EV_ABS), code 48 (ABS_MT_TOUCH_MAJOR), value 17
Event: time 1778066751.612408, type 3 (EV_ABS), code 52 (ABS_MT_ORIENTATION), value 3
Event: time 1778066751.612408, type 3 (EV_ABS), code 47 (ABS_MT_SLOT), value 1
Event: time 1778066751.612408, type 3 (EV_ABS), code 53 (ABS_MT_POSITION_X), value 1035
Event: time 1778066751.612408, type 3 (EV_ABS), code 54 (ABS_MT_POSITION_Y), value 896
Event: time 1778066751.612408, type 3 (EV_ABS), code 58 (ABS_MT_PRESSURE), value 77
Event: time 1778066751.612408, type 3 (EV_ABS), code 49 (ABS_MT_TOUCH_MINOR), value 17
Event: time 1778066751.612408, type 3 (EV_ABS), code 52 (ABS_MT_ORIENTATION), value 2
Event: time 1778066751.612408, -------------- SYN_REPORT ------------
Event: time 1778066751.624156, type 3 (EV_ABS), code 47 (ABS_MT_SLOT), value 0
Event: time 1778066751.624156, type 3 (EV_ABS), code 53 (ABS_MT_POSITION_X), value 758
Event: time 1778066751.624156, type 3 (EV_ABS), code 54 (ABS_MT_POSITION_Y), value 1234
Event: time 1778066751.624156, type 3 (EV_ABS), code 58 (ABS_MT_PRESSURE), value 77
Event: time 1778066751.624156, type 3 (EV_ABS), code 48 (ABS_MT_TOUCH_MAJOR), value 8
Event: time 1778066751.624156, type 3 (EV_ABS), code 49 (ABS_MT_TOUCH_MINOR), value 8
Event: time 1778066751.624156, type 3 (EV_ABS), code 52 (ABS_MT_ORIENTATION), value 1
Event: time 1778066751.624156, type 3 (EV_ABS), code 47 (ABS_MT_SLOT), value 1
Event: time 1778066751.624156, type 3 (EV_ABS), code 53 (ABS_MT_POSITION_X), value 1024
Event: time 1778066751.624156, type 3 (EV_ABS), code 54 (ABS_MT_POSITION_Y), value 895
Event: time 1778066751.624156, type 3 (EV_ABS), code 58 (ABS_MT_PRESSURE), value 80
Event: time 1778066751.624156, -------------- SYN_REPORT ------------
Event: time 1778066751.635900, type 3 (EV_ABS), code 47 (ABS_MT_SLOT), value 0
Event: time 1778066751.635900, type 3 (EV_ABS), code 53 (ABS_MT_POSITION_X), value 746
Event: time 1778066751.635900, type 3 (EV_ABS), code 54 (ABS_MT_POSITION_Y), value 1231
Event: time 1778066751.635900, type 3 (EV_ABS), code 58 (ABS_MT_PRESSURE), value 76
Event: time 1778066751.635900, type 3 (EV_ABS), code 47 (ABS_MT_SLOT), value 1
Event: time 1778066751.635900, type 3 (EV_ABS), code 53 (ABS_MT_POSITION_X), value 1011
Event: time 1778066751.635900, type 3 (EV_ABS), code 54 (ABS_MT_POSITION_Y), value 894
Event: time 1778066751.635900, type 3 (EV_ABS), code 58 (ABS_MT_PRESSURE), value 79
Event: time 1778066751.635900, type 3 (EV_ABS), code 49 (ABS_MT_TOUCH_MINOR), value 8
Event: time 1778066751.635900, type 3 (EV_ABS), code 52 (ABS_MT_ORIENTATION), value 1
Event: time 1778066751.635900, -------------- SYN_REPORT ------------
Event: time 1778066751.647766, type 3 (EV_ABS), code 47 (ABS_MT_SLOT), value 0
Event: time 1778066751.647766, type 3 (EV_ABS), code 53 (ABS_MT_POSITION_X), value 733
Event: time 1778066751.647766, type 3 (EV_ABS), code 54 (ABS_MT_POSITION_Y), value 1228
Event: time 1778066751.647766, type 3 (EV_ABS), code 58 (ABS_MT_PRESSURE), value 71
Event: time 1778066751.647766, type 3 (EV_ABS), code 48 (ABS_MT_TOUCH_MAJOR), value 17
Event: time 1778066751.647766, type 3 (EV_ABS), code 49 (ABS_MT_TOUCH_MINOR), value 17
Event: time 1778066751.647766, type 3 (EV_ABS), code 52 (ABS_MT_ORIENTATION), value 3
Event: time 1778066751.647766, type 3 (EV_ABS), code 47 (ABS_MT_SLOT), value 1
Event: time 1778066751.647766, type 3 (EV_ABS), code 53 (ABS_MT_POSITION_X), value 997
Event: time 1778066751.647766, type 3 (EV_ABS), code 54 (ABS_MT_POSITION_Y), value 893
Event: time 1778066751.647766, type 3 (EV_ABS), code 58 (ABS_MT_PRESSURE), value 77
Event: time 1778066751.647766, type 3 (EV_ABS), code 49 (ABS_MT_TOUCH_MINOR), value 17
Event: time 1778066751.647766, type 3 (EV_ABS), code 52 (ABS_MT_ORIENTATION), value 2
Event: time 1778066751.647766, -------------- SYN_REPORT ------------
Event: time 1778066751.659507, type 3 (EV_ABS), code 47 (ABS_MT_SLOT), value 0
Event: time 1778066751.659507, type 3 (EV_ABS), code 53 (ABS_MT_POSITION_X), value 719
Event: time 1778066751.659507, type 3 (EV_ABS), code 54 (ABS_MT_POSITION_Y), value 1225
Event: time 1778066751.659507, type 3 (EV_ABS), code 58 (ABS_MT_PRESSURE), value 81
Event: time 1778066751.659507, type 3 (EV_ABS), code 49 (ABS_MT_TOUCH_MINOR), value 8
Event: time 1778066751.659507, type 3 (EV_ABS), code 52 (ABS_MT_ORIENTATION), value 2
Event: time 1778066751.659507, type 3 (EV_ABS), code 47 (ABS_MT_SLOT), value 1
Event: time 1778066751.659507, type 3 (EV_ABS), code 53 (ABS_MT_POSITION_X), value 983
Event: time 1778066751.659507, type 3 (EV_ABS), code 54 (ABS_MT_POSITION_Y), value 891
Event: time 1778066751.659507, type 3 (EV_ABS), code 58 (ABS_MT_PRESSURE), value 81
Event: time 1778066751.659507, -------------- SYN_REPORT ------------
Event: time 1778066751.671159, type 3 (EV_ABS), code 47 (ABS_MT_SLOT), value 0
Event: time 1778066751.671159, type 3 (EV_ABS), code 53 (ABS_MT_POSITION_X), value 703
Event: time 1778066751.671159, type 3 (EV_ABS), code 54 (ABS_MT_POSITION_Y), value 1222
Event: time 1778066751.671159, type 3 (EV_ABS), code 58 (ABS_MT_PRESSURE), value 78
Event: time 1778066751.671159, type 3 (EV_ABS), code 49 (ABS_MT_TOUCH_MINOR), value 17
Event: time 1778066751.671159, type 3 (EV_ABS), code 52 (ABS_MT_ORIENTATION), value 3
Event: time 1778066751.671159, type 3 (EV_ABS), code 47 (ABS_MT_SLOT), value 1
Event: time 1778066751.671159, type 3 (EV_ABS), code 53 (ABS_MT_POSITION_X), value 967
Event: time 1778066751.671159, type 3 (EV_ABS), code 54 (ABS_MT_POSITION_Y), value 889
Event: time 1778066751.671159, type 3 (EV_ABS), code 49 (ABS_MT_TOUCH_MINOR), value 8
Event: time 1778066751.671159, type 3 (EV_ABS), code 52 (ABS_MT_ORIENTATION), value 1
Event: time 1778066751.671159, -------------- SYN_REPORT ------------
Event: time 1778066751.683048, type 3 (EV_ABS), code 47 (ABS_MT_SLOT), value 0
Event: time 1778066751.683048, type 3 (EV_ABS), code 53 (ABS_MT_POSITION_X), value 687
Event: time 1778066751.683048, type 3 (EV_ABS), code 54 (ABS_MT_POSITION_Y), value 1218
Event: time 1778066751.683048, type 3 (EV_ABS), code 58 (ABS_MT_PRESSURE), value 81
Event: time 1778066751.683048, type 3 (EV_ABS), code 48 (ABS_MT_TOUCH_MAJOR), value 8
Event: time 1778066751.683048, type 3 (EV_ABS), code 49 (ABS_MT_TOUCH_MINOR), value 8
Event: time 1778066751.683048, type 3 (EV_ABS), code 52 (ABS_MT_ORIENTATION), value 1
Event: time 1778066751.683048, type 3 (EV_ABS), code 47 (ABS_MT_SLOT), value 1
Event: time 1778066751.683048, type 3 (EV_ABS), code 53 (ABS_MT_POSITION_X), value 951
Event: time 1778066751.683048, type 3 (EV_ABS), code 54 (ABS_MT_POSITION_Y), value 887
Event: time 1778066751.683048, type 3 (EV_ABS), code 58 (ABS_MT_PRESSURE), value 79
Event: time 1778066751.683048, type 3 (EV_ABS), code 49 (ABS_MT_TOUCH_MINOR), value 17
Event: time 1778066751.683048, type 3 (EV_ABS), code 52 (ABS_MT_ORIENTATION), value 2
Event: time 1778066751.683048, -------------- SYN_REPORT ------------
Event: time 1778066751.694855, type 3 (EV_ABS), code 47 (ABS_MT_SLOT), value 0
Event: time 1778066751.694855, type 3 (EV_ABS), code 53 (ABS_MT_POSITION_X), value 669
Event: time 1778066751.694855, type 3 (EV_ABS), code 54 (ABS_MT_POSITION_Y), value 1213
Event: time 1778066751.694855, type 3 (EV_ABS), code 48 (ABS_MT_TOUCH_MAJOR), value 17
Event: time 1778066751.694855, type 3 (EV_ABS), code 49 (ABS_MT_TOUCH_MINOR), value 17
Event: time 1778066751.694855, type 3 (EV_ABS), code 52 (ABS_MT_ORIENTATION), value 3
Event: time 1778066751.694855, type 3 (EV_ABS), code 47 (ABS_MT_SLOT), value 1
Event: time 1778066751.694855, type 3 (EV_ABS), code 53 (ABS_MT_POSITION_X), value 934
Event: time 1778066751.694855, type 3 (EV_ABS), code 54 (ABS_MT_POSITION_Y), value 884
Event: time 1778066751.694855, type 3 (EV_ABS), code 58 (ABS_MT_PRESSURE), value 83
Event: time 1778066751.694855, type 3 (EV_ABS), code 49 (ABS_MT_TOUCH_MINOR), value 8
Event: time 1778066751.694855, type 3 (EV_ABS), code 52 (ABS_MT_ORIENTATION), value 1
Event: time 1778066751.694855, -------------- SYN_REPORT ------------
Event: time 1778066751.706648, type 3 (EV_ABS), code 47 (ABS_MT_SLOT), value 0
Event: time 1778066751.706648, type 3 (EV_ABS), code 53 (ABS_MT_POSITION_X), value 651
Event: time 1778066751.706648, type 3 (EV_ABS), code 54 (ABS_MT_POSITION_Y), value 1208
Event: time 1778066751.706648, type 3 (EV_ABS), code 58 (ABS_MT_PRESSURE), value 79
Event: time 1778066751.706648, type 3 (EV_ABS), code 48 (ABS_MT_TOUCH_MAJOR), value 8
Event: time 1778066751.706648, type 3 (EV_ABS), code 52 (ABS_MT_ORIENTATION), value 2
Event: time 1778066751.706648, type 3 (EV_ABS), code 47 (ABS_MT_SLOT), value 1
Event: time 1778066751.706648, type 3 (EV_ABS), code 53 (ABS_MT_POSITION_X), value 916
Event: time 1778066751.706648, type 3 (EV_ABS), code 54 (ABS_MT_POSITION_Y), value 882
Event: time 1778066751.706648, type 3 (EV_ABS), code 58 (ABS_MT_PRESSURE), value 84
Event: time 1778066751.706648, type 3 (EV_ABS), code 49 (ABS_MT_TOUCH_MINOR), value 17
Event: time 1778066751.706648, type 3 (EV_ABS), code 52 (ABS_MT_ORIENTATION), value 2
Event: time 1778066751.706648, -------------- SYN_REPORT ------------
Event: time 1778066751.718423, type 3 (EV_ABS), code 47 (ABS_MT_SLOT), value 0
Event: time 1778066751.718423, type 3 (EV_ABS), code 53 (ABS_MT_POSITION_X), value 630
Event: time 1778066751.718423, type 3 (EV_ABS), code 54 (ABS_MT_POSITION_Y), value 1203
Event: time 1778066751.718423, type 3 (EV_ABS), code 58 (ABS_MT_PRESSURE), value 77
Event: time 1778066751.718423, type 3 (EV_ABS), code 49 (ABS_MT_TOUCH_MINOR), value 8
Event: time 1778066751.718423, type 3 (EV_ABS), code 52 (ABS_MT_ORIENTATION), value 1
Event: time 1778066751.718423, type 3 (EV_ABS), code 47 (ABS_MT_SLOT), value 1
Event: time 1778066751.718423, type 3 (EV_ABS), code 53 (ABS_MT_POSITION_X), value 898
Event: time 1778066751.718423, type 3 (EV_ABS), code 54 (ABS_MT_POSITION_Y), value 880
Event: time 1778066751.718423, type 3 (EV_ABS), code 58 (ABS_MT_PRESSURE), value 85
Event: time 1778066751.718423, -------------- SYN_REPORT ------------
Event: time 1778066751.730196, type 3 (EV_ABS), code 47 (ABS_MT_SLOT), value 0
Event: time 1778066751.730196, type 3 (EV_ABS), code 53 (ABS_MT_POSITION_X), value 609
Event: time 1778066751.730196, type 3 (EV_ABS), code 54 (ABS_MT_POSITION_Y), value 1198
Event: time 1778066751.730196, type 3 (EV_ABS), code 58 (ABS_MT_PRESSURE), value 72
Event: time 1778066751.730196, type 3 (EV_ABS), code 49 (ABS_MT_TOUCH_MINOR), value 17
Event: time 1778066751.730196, type 3 (EV_ABS), code 52 (ABS_MT_ORIENTATION), value 2
Event: time 1778066751.730196, type 3 (EV_ABS), code 47 (ABS_MT_SLOT), value 1
Event: time 1778066751.730196, type 3 (EV_ABS), code 53 (ABS_MT_POSITION_X), value 879
Event: time 1778066751.730196, type 3 (EV_ABS), code 54 (ABS_MT_POSITION_Y), value 878
Event: time 1778066751.730196, type 3 (EV_ABS), code 49 (ABS_MT_TOUCH_MINOR), value 8
Event: time 1778066751.730196, type 3 (EV_ABS), code 52 (ABS_MT_ORIENTATION), value 1
Event: time 1778066751.730196, -------------- SYN_REPORT ------------
Event: time 1778066751.742013, type 3 (EV_ABS), code 47 (ABS_MT_SLOT), value 0
Event: time 1778066751.742013, type 3 (EV_ABS), code 53 (ABS_MT_POSITION_X), value 587
Event: time 1778066751.742013, type 3 (EV_ABS), code 54 (ABS_MT_POSITION_Y), value 1194
Event: time 1778066751.742013, type 3 (EV_ABS), code 58 (ABS_MT_PRESSURE), value 77
Event: time 1778066751.742013, type 3 (EV_ABS), code 49 (ABS_MT_TOUCH_MINOR), value 8
Event: time 1778066751.742013, type 3 (EV_ABS), code 52 (ABS_MT_ORIENTATION), value 1
Event: time 1778066751.742013, type 3 (EV_ABS), code 47 (ABS_MT_SLOT), value 1
Event: time 1778066751.742013, type 3 (EV_ABS), code 53 (ABS_MT_POSITION_X), value 859
Event: time 1778066751.742013, type 3 (EV_ABS), code 54 (ABS_MT_POSITION_Y), value 876
Event: time 1778066751.742013, type 3 (EV_ABS), code 58 (ABS_MT_PRESSURE), value 82
Event: time 1778066751.742013, type 3 (EV_ABS), code 48 (ABS_MT_TOUCH_MAJOR), value 17
Event: time 1778066751.742013, type 3 (EV_ABS), code 49 (ABS_MT_TOUCH_MINOR), value 17
Event: time 1778066751.742013, type 3 (EV_ABS), code 52 (ABS_MT_ORIENTATION), value 3
Event: time 1778066751.742013, -------------- SYN_REPORT ------------
Event: time 1778066751.753814, type 3 (EV_ABS), code 47 (ABS_MT_SLOT), value 0
Event: time 1778066751.753814, type 3 (EV_ABS), code 53 (ABS_MT_POSITION_X), value 565
Event: time 1778066751.753814, type 3 (EV_ABS), code 54 (ABS_MT_POSITION_Y), value 1189
Event: time 1778066751.753814, type 3 (EV_ABS), code 58 (ABS_MT_PRESSURE), value 73
Event: time 1778066751.753814, type 3 (EV_ABS), code 48 (ABS_MT_TOUCH_MAJOR), value 17
Event: time 1778066751.753814, type 3 (EV_ABS), code 49 (ABS_MT_TOUCH_MINOR), value 17
Event: time 1778066751.753814, type 3 (EV_ABS), code 52 (ABS_MT_ORIENTATION), value 3
Event: time 1778066751.753814, type 3 (EV_ABS), code 47 (ABS_MT_SLOT), value 1
Event: time 1778066751.753814, type 3 (EV_ABS), code 53 (ABS_MT_POSITION_X), value 838
Event: time 1778066751.753814, type 3 (EV_ABS), code 54 (ABS_MT_POSITION_Y), value 874
Event: time 1778066751.753814, type 3 (EV_ABS), code 58 (ABS_MT_PRESSURE), value 85
Event: time 1778066751.753814, type 3 (EV_ABS), code 49 (ABS_MT_TOUCH_MINOR), value 8
Event: time 1778066751.753814, type 3 (EV_ABS), code 52 (ABS_MT_ORIENTATION), value 2
Event: time 1778066751.753814, -------------- SYN_REPORT ------------
Event: time 1778066751.765623, type 3 (EV_ABS), code 47 (ABS_MT_SLOT), value 0
Event: time 1778066751.765623, type 3 (EV_ABS), code 53 (ABS_MT_POSITION_X), value 542
Event: time 1778066751.765623, type 3 (EV_ABS), code 54 (ABS_MT_POSITION_Y), value 1185
Event: time 1778066751.765623, type 3 (EV_ABS), code 58 (ABS_MT_PRESSURE), value 79
Event: time 1778066751.765623, type 3 (EV_ABS), code 49 (ABS_MT_TOUCH_MINOR), value 8
Event: time 1778066751.765623, type 3 (EV_ABS), code 52 (ABS_MT_ORIENTATION), value 2
Event: time 1778066751.765623, type 3 (EV_ABS), code 47 (ABS_MT_SLOT), value 1
Event: time 1778066751.765623, type 3 (EV_ABS), code 53 (ABS_MT_POSITION_X), value 818
Event: time 1778066751.765623, type 3 (EV_ABS), code 54 (ABS_MT_POSITION_Y), value 873
Event: time 1778066751.765623, type 3 (EV_ABS), code 58 (ABS_MT_PRESSURE), value 87
Event: time 1778066751.765623, type 3 (EV_ABS), code 49 (ABS_MT_TOUCH_MINOR), value 17
Event: time 1778066751.765623, type 3 (EV_ABS), code 52 (ABS_MT_ORIENTATION), value 4
Event: time 1778066751.765623, -------------- SYN_REPORT ------------
Event: time 1778066751.777361, type 3 (EV_ABS), code 47 (ABS_MT_SLOT), value 0
Event: time 1778066751.777361, type 3 (EV_ABS), code 53 (ABS_MT_POSITION_X), value 519
Event: time 1778066751.777361, type 3 (EV_ABS), code 54 (ABS_MT_POSITION_Y), value 1180
Event: time 1778066751.777361, type 3 (EV_ABS), code 58 (ABS_MT_PRESSURE), value 77
Event: time 1778066751.777361, type 3 (EV_ABS), code 49 (ABS_MT_TOUCH_MINOR), value 17
Event: time 1778066751.777361, type 3 (EV_ABS), code 47 (ABS_MT_SLOT), value 1
Event: time 1778066751.777361, type 3 (EV_ABS), code 53 (ABS_MT_POSITION_X), value 797
Event: time 1778066751.777361, type 3 (EV_ABS), code 54 (ABS_MT_POSITION_Y), value 871
Event: time 1778066751.777361, type 3 (EV_ABS), code 58 (ABS_MT_PRESSURE), value 88
Event: time 1778066751.777361, type 3 (EV_ABS), code 49 (ABS_MT_TOUCH_MINOR), value 8
Event: time 1778066751.777361, type 3 (EV_ABS), code 52 (ABS_MT_ORIENTATION), value 2
Event: time 1778066751.777361, -------------- SYN_REPORT ------------
Event: time 1778066751.789181, type 3 (EV_ABS), code 47 (ABS_MT_SLOT), value 0
Event: time 1778066751.789181, type 3 (EV_ABS), code 53 (ABS_MT_POSITION_X), value 497
Event: time 1778066751.789181, type 3 (EV_ABS), code 54 (ABS_MT_POSITION_Y), value 1177
Event: time 1778066751.789181, type 3 (EV_ABS), code 58 (ABS_MT_PRESSURE), value 84
Event: time 1778066751.789181, type 3 (EV_ABS), code 52 (ABS_MT_ORIENTATION), value 3
Event: time 1778066751.789181, type 3 (EV_ABS), code 47 (ABS_MT_SLOT), value 1
Event: time 1778066751.789181, type 3 (EV_ABS), code 53 (ABS_MT_POSITION_X), value 776
Event: time 1778066751.789181, type 3 (EV_ABS), code 54 (ABS_MT_POSITION_Y), value 870
Event: time 1778066751.789181, type 3 (EV_ABS), code 58 (ABS_MT_PRESSURE), value 87
Event: time 1778066751.789181, type 3 (EV_ABS), code 49 (ABS_MT_TOUCH_MINOR), value 17
Event: time 1778066751.789181, type 3 (EV_ABS), code 52 (ABS_MT_ORIENTATION), value 3
Event: time 1778066751.789181, -------------- SYN_REPORT ------------
Event: time 1778066751.800969, type 3 (EV_ABS), code 47 (ABS_MT_SLOT), value 0
Event: time 1778066751.800969, type 3 (EV_ABS), code 53 (ABS_MT_POSITION_X), value 476
Event: time 1778066751.800969, type 3 (EV_ABS), code 54 (ABS_MT_POSITION_Y), value 1173
Event: time 1778066751.800969, type 3 (EV_ABS), code 58 (ABS_MT_PRESSURE), value 79
Event: time 1778066751.800969, type 3 (EV_ABS), code 47 (ABS_MT_SLOT), value 1
Event: time 1778066751.800969, type 3 (EV_ABS), code 53 (ABS_MT_POSITION_X), value 756
Event: time 1778066751.800969, type 3 (EV_ABS), code 54 (ABS_MT_POSITION_Y), value 869
Event: time 1778066751.800969, type 3 (EV_ABS), code 58 (ABS_MT_PRESSURE), value 85
Event: time 1778066751.800969, -------------- SYN_REPORT ------------
Event: time 1778066751.812724, type 3 (EV_ABS), code 47 (ABS_MT_SLOT), value 0
Event: time 1778066751.812724, type 3 (EV_ABS), code 53 (ABS_MT_POSITION_X), value 456
Event: time 1778066751.812724, type 3 (EV_ABS), code 54 (ABS_MT_POSITION_Y), value 1169
Event: time 1778066751.812724, type 3 (EV_ABS), code 58 (ABS_MT_PRESSURE), value 82
Event: time 1778066751.812724, type 3 (EV_ABS), code 47 (ABS_MT_SLOT), value 1
Event: time 1778066751.812724, type 3 (EV_ABS), code 53 (ABS_MT_POSITION_X), value 737
Event: time 1778066751.812724, type 3 (EV_ABS), code 54 (ABS_MT_POSITION_Y), value 868
Event: time 1778066751.812724, type 3 (EV_ABS), code 58 (ABS_MT_PRESSURE), value 87
Event: time 1778066751.812724, type 3 (EV_ABS), code 49 (ABS_MT_TOUCH_MINOR), value 8
Event: time 1778066751.812724, type 3 (EV_ABS), code 52 (ABS_MT_ORIENTATION), value 2
Event: time 1778066751.812724, -------------- SYN_REPORT ------------
Event: time 1778066751.824500, type 3 (EV_ABS), code 47 (ABS_MT_SLOT), value 0
Event: time 1778066751.824500, type 3 (EV_ABS), code 53 (ABS_MT_POSITION_X), value 437
Event: time 1778066751.824500, type 3 (EV_ABS), code 54 (ABS_MT_POSITION_Y), value 1165
Event: time 1778066751.824500, type 3 (EV_ABS), code 58 (ABS_MT_PRESSURE), value 83
Event: time 1778066751.824500, type 3 (EV_ABS), code 48 (ABS_MT_TOUCH_MAJOR), value 8
Event: time 1778066751.824500, type 3 (EV_ABS), code 49 (ABS_MT_TOUCH_MINOR), value 8
Event: time 1778066751.824500, type 3 (EV_ABS), code 52 (ABS_MT_ORIENTATION), value 1
Event: time 1778066751.824500, type 3 (EV_ABS), code 47 (ABS_MT_SLOT), value 1
Event: time 1778066751.824500, type 3 (EV_ABS), code 53 (ABS_MT_POSITION_X), value 718
Event: time 1778066751.824500, type 3 (EV_ABS), code 58 (ABS_MT_PRESSURE), value 86
Event: time 1778066751.824500, type 3 (EV_ABS), code 49 (ABS_MT_TOUCH_MINOR), value 17
Event: time 1778066751.824500, type 3 (EV_ABS), code 52 (ABS_MT_ORIENTATION), value 3
Event: time 1778066751.824500, -------------- SYN_REPORT ------------
Event: time 1778066751.836316, type 3 (EV_ABS), code 47 (ABS_MT_SLOT), value 0
Event: time 1778066751.836316, type 3 (EV_ABS), code 53 (ABS_MT_POSITION_X), value 420
Event: time 1778066751.836316, type 3 (EV_ABS), code 54 (ABS_MT_POSITION_Y), value 1162
Event: time 1778066751.836316, type 3 (EV_ABS), code 58 (ABS_MT_PRESSURE), value 82
Event: time 1778066751.836316, type 3 (EV_ABS), code 48 (ABS_MT_TOUCH_MAJOR), value 17
Event: time 1778066751.836316, type 3 (EV_ABS), code 52 (ABS_MT_ORIENTATION), value 2
Event: time 1778066751.836316, type 3 (EV_ABS), code 47 (ABS_MT_SLOT), value 1
Event: time 1778066751.836316, type 3 (EV_ABS), code 53 (ABS_MT_POSITION_X), value 700
Event: time 1778066751.836316, type 3 (EV_ABS), code 54 (ABS_MT_POSITION_Y), value 867
Event: time 1778066751.836316, type 3 (EV_ABS), code 58 (ABS_MT_PRESSURE), value 83
Event: time 1778066751.836316, type 3 (EV_ABS), code 52 (ABS_MT_ORIENTATION), value 4
Event: time 1778066751.836316, -------------- SYN_REPORT ------------
Event: time 1778066751.848083, type 3 (EV_ABS), code 47 (ABS_MT_SLOT), value 0
Event: time 1778066751.848083, type 3 (EV_ABS), code 53 (ABS_MT_POSITION_X), value 405
Event: time 1778066751.848083, type 3 (EV_ABS), code 54 (ABS_MT_POSITION_Y), value 1158
Event: time 1778066751.848083, type 3 (EV_ABS), code 58 (ABS_MT_PRESSURE), value 80
Event: time 1778066751.848083, type 3 (EV_ABS), code 49 (ABS_MT_TOUCH_MINOR), value 17
Event: time 1778066751.848083, type 3 (EV_ABS), code 52 (ABS_MT_ORIENTATION), value 3
Event: time 1778066751.848083, type 3 (EV_ABS), code 47 (ABS_MT_SLOT), value 1
Event: time 1778066751.848083, type 3 (EV_ABS), code 53 (ABS_MT_POSITION_X), value 684
Event: time 1778066751.848083, type 3 (EV_ABS), code 58 (ABS_MT_PRESSURE), value 82
Event: time 1778066751.848083, type 3 (EV_ABS), code 49 (ABS_MT_TOUCH_MINOR), value 8
Event: time 1778066751.848083, type 3 (EV_ABS), code 52 (ABS_MT_ORIENTATION), value 2
Event: time 1778066751.848083, -------------- SYN_REPORT ------------
Event: time 1778066751.859816, type 3 (EV_ABS), code 47 (ABS_MT_SLOT), value 0
Event: time 1778066751.859816, type 3 (EV_ABS), code 53 (ABS_MT_POSITION_X), value 392
Event: time 1778066751.859816, type 3 (EV_ABS), code 54 (ABS_MT_POSITION_Y), value 1154
Event: time 1778066751.859816, type 3 (EV_ABS), code 58 (ABS_MT_PRESSURE), value 75
Event: time 1778066751.859816, type 3 (EV_ABS), code 48 (ABS_MT_TOUCH_MAJOR), value 8
Event: time 1778066751.859816, type 3 (EV_ABS), code 52 (ABS_MT_ORIENTATION), value 2
Event: time 1778066751.859816, type 3 (EV_ABS), code 47 (ABS_MT_SLOT), value 1
Event: time 1778066751.859816, type 3 (EV_ABS), code 53 (ABS_MT_POSITION_X), value 667
Event: time 1778066751.859816, type 3 (EV_ABS), code 58 (ABS_MT_PRESSURE), value 74
Event: time 1778066751.859816, type 3 (EV_ABS), code 48 (ABS_MT_TOUCH_MAJOR), value 8
Event: time 1778066751.859816, type 3 (EV_ABS), code 52 (ABS_MT_ORIENTATION), value 1
Event: time 1778066751.859816, -------------- SYN_REPORT ------------
Event: time 1778066751.871634, type 3 (EV_ABS), code 47 (ABS_MT_SLOT), value 0
Event: time 1778066751.871634, type 3 (EV_ABS), code 53 (ABS_MT_POSITION_X), value 381
Event: time 1778066751.871634, type 3 (EV_ABS), code 54 (ABS_MT_POSITION_Y), value 1151
Event: time 1778066751.871634, type 3 (EV_ABS), code 58 (ABS_MT_PRESSURE), value 71
Event: time 1778066751.871634, type 3 (EV_ABS), code 47 (ABS_MT_SLOT), value 1
Event: time 1778066751.871634, type 3 (EV_ABS), code 53 (ABS_MT_POSITION_X), value 651
Event: time 1778066751.871634, type 3 (EV_ABS), code 54 (ABS_MT_POSITION_Y), value 871
Event: time 1778066751.871634, type 3 (EV_ABS), code 58 (ABS_MT_PRESSURE), value 61
Event: time 1778066751.871634, type 3 (EV_ABS), code 49 (ABS_MT_TOUCH_MINOR), value 17
Event: time 1778066751.871634, type 3 (EV_ABS), code 52 (ABS_MT_ORIENTATION), value 2
Event: time 1778066751.871634, -------------- SYN_REPORT ------------
Event: time 1778066751.883397, type 3 (EV_ABS), code 47 (ABS_MT_SLOT), value 0
Event: time 1778066751.883397, type 3 (EV_ABS), code 53 (ABS_MT_POSITION_X), value 373
Event: time 1778066751.883397, type 3 (EV_ABS), code 54 (ABS_MT_POSITION_Y), value 1146
Event: time 1778066751.883397, type 3 (EV_ABS), code 58 (ABS_MT_PRESSURE), value 61
Event: time 1778066751.883397, type 3 (EV_ABS), code 47 (ABS_MT_SLOT), value 1
Event: time 1778066751.883397, type 3 (EV_ABS), code 53 (ABS_MT_POSITION_X), value 635
Event: time 1778066751.883397, type 3 (EV_ABS), code 54 (ABS_MT_POSITION_Y), value 878
Event: time 1778066751.883397, type 3 (EV_ABS), code 58 (ABS_MT_PRESSURE), value 42
Event: time 1778066751.883397, type 3 (EV_ABS), code 49 (ABS_MT_TOUCH_MINOR), value 8
Event: time 1778066751.883397, type 3 (EV_ABS), code 52 (ABS_MT_ORIENTATION), value 1
Event: time 1778066751.883397, -------------- SYN_REPORT ------------
Event: time 1778066751.918360, type 3 (EV_ABS), code 47 (ABS_MT_SLOT), value 0
Event: time 1778066751.918360, type 3 (EV_ABS), code 57 (ABS_MT_TRACKING_ID), value -1
Event: time 1778066751.918360, type 3 (EV_ABS), code 47 (ABS_MT_SLOT), value 1
Event: time 1778066751.918360, type 3 (EV_ABS), code 57 (ABS_MT_TRACKING_ID), value -1
Event: time 1778066751.918360, -------------- SYN_REPORT ------------
Event: time 1778066752.200376, type 3 (EV_ABS), code 47 (ABS_MT_SLOT), value 0
Event: time 1778066752.200376, type 3 (EV_ABS), code 57 (ABS_MT_TRACKING_ID), value 1398
Event: time 1778066752.200376, type 3 (EV_ABS), code 53 (ABS_MT_POSITION_X), value 590
Event: time 1778066752.200376, type 3 (EV_ABS), code 54 (ABS_MT_POSITION_Y), value 1027
Event: time 1778066752.200376, type 3 (EV_ABS), code 58 (ABS_MT_PRESSURE), value 70
Event: time 1778066752.200376, type 3 (EV_ABS), code 48 (ABS_MT_TOUCH_MAJOR), value 17
Event: time 1778066752.200376, type 3 (EV_ABS), code 49 (ABS_MT_TOUCH_MINOR), value 26
Event: time 1778066752.200376, type 3 (EV_ABS), code 52 (ABS_MT_ORIENTATION), value 1
Event: time 1778066752.200376, -------------- SYN_REPORT ------------
Event: time 1778066752.225045, type 3 (EV_ABS), code 47 (ABS_MT_SLOT), value 1
Event: time 1778066752.225045, type 3 (EV_ABS), code 57 (ABS_MT_TRACKING_ID), value 1399
Event: time 1778066752.225045, type 3 (EV_ABS), code 53 (ABS_MT_POSITION_X), value 663
Event: time 1778066752.225045, type 3 (EV_ABS), code 54 (ABS_MT_POSITION_Y), value 1000
Event: time 1778066752.225045, type 3 (EV_ABS), code 58 (ABS_MT_PRESSURE), value 75
Event: time 1778066752.225045, type 3 (EV_ABS), code 48 (ABS_MT_TOUCH_MAJOR), value 17
Event: time 1778066752.225045, type 3 (EV_ABS), code 49 (ABS_MT_TOUCH_MINOR), value 26
Event: time 1778066752.225045, -------------- SYN_REPORT ------------
Event: time 1778066752.260470, type 3 (EV_ABS), code 47 (ABS_MT_SLOT), value 0
Event: time 1778066752.260470, type 3 (EV_ABS), code 53 (ABS_MT_POSITION_X), value 587
Event: time 1778066752.260470, type 3 (EV_ABS), code 58 (ABS_MT_PRESSURE), value 73
Event: time 1778066752.260470, type 3 (EV_ABS), code 48 (ABS_MT_TOUCH_MAJOR), value 8
Event: time 1778066752.260470, type 3 (EV_ABS), code 49 (ABS_MT_TOUCH_MINOR), value 8
Event: time 1778066752.260470, type 3 (EV_ABS), code 47 (ABS_MT_SLOT), value 1
Event: time 1778066752.260470, type 3 (EV_ABS), code 53 (ABS_MT_POSITION_X), value 664
Event: time 1778066752.260470, type 3 (EV_ABS), code 54 (ABS_MT_POSITION_Y), value 998
Event: time 1778066752.260470, type 3 (EV_ABS), code 58 (ABS_MT_PRESSURE), value 71
Event: time 1778066752.260470, type 3 (EV_ABS), code 48 (ABS_MT_TOUCH_MAJOR), value 8
Event: time 1778066752.260470, type 3 (EV_ABS), code 49 (ABS_MT_TOUCH_MINOR), value 8
Event: time 1778066752.260470, -------------- SYN_REPORT ------------
Event: time 1778066752.272225, type 3 (EV_ABS), code 47 (ABS_MT_SLOT), value 0
Event: time 1778066752.272225, type 3 (EV_ABS), code 53 (ABS_MT_POSITION_X), value 584
Event: time 1778066752.272225, type 3 (EV_ABS), code 54 (ABS_MT_POSITION_Y), value 1026
Event: time 1778066752.272225, type 3 (EV_ABS), code 47 (ABS_MT_SLOT), value 1
Event: time 1778066752.272225, type 3 (EV_ABS), code 53 (ABS_MT_POSITION_X), value 666
Event: time 1778066752.272225, type 3 (EV_ABS), code 54 (ABS_MT_POSITION_Y), value 997
Event: time 1778066752.272225, type 3 (EV_ABS), code 58 (ABS_MT_PRESSURE), value 68
Event: time 1778066752.272225, -------------- SYN_REPORT ------------
Event: time 1778066752.284022, type 3 (EV_ABS), code 47 (ABS_MT_SLOT), value 0
Event: time 1778066752.284022, type 3 (EV_ABS), code 53 (ABS_MT_POSITION_X), value 580
Event: time 1778066752.284022, type 3 (EV_ABS), code 58 (ABS_MT_PRESSURE), value 74
Event: time 1778066752.284022, type 3 (EV_ABS), code 47 (ABS_MT_SLOT), value 1
Event: time 1778066752.284022, type 3 (EV_ABS), code 53 (ABS_MT_POSITION_X), value 667
Event: time 1778066752.284022, type 3 (EV_ABS), code 54 (ABS_MT_POSITION_Y), value 994
Event: time 1778066752.284022, type 3 (EV_ABS), code 58 (ABS_MT_PRESSURE), value 67
Event: time 1778066752.284022, -------------- SYN_REPORT ------------
Event: time 1778066752.295810, type 3 (EV_ABS), code 47 (ABS_MT_SLOT), value 0
Event: time 1778066752.295810, type 3 (EV_ABS), code 53 (ABS_MT_POSITION_X), value 576
Event: time 1778066752.295810, type 3 (EV_ABS), code 54 (ABS_MT_POSITION_Y), value 1025
Event: time 1778066752.295810, type 3 (EV_ABS), code 47 (ABS_MT_SLOT), value 1
Event: time 1778066752.295810, type 3 (EV_ABS), code 53 (ABS_MT_POSITION_X), value 669
Event: time 1778066752.295810, type 3 (EV_ABS), code 54 (ABS_MT_POSITION_Y), value 992
Event: time 1778066752.295810, -------------- SYN_REPORT ------------
Event: time 1778066752.307632, type 3 (EV_ABS), code 47 (ABS_MT_SLOT), value 0
Event: time 1778066752.307632, type 3 (EV_ABS), code 53 (ABS_MT_POSITION_X), value 572
Event: time 1778066752.307632, type 3 (EV_ABS), code 49 (ABS_MT_TOUCH_MINOR), value 17
Event: time 1778066752.307632, type 3 (EV_ABS), code 52 (ABS_MT_ORIENTATION), value 2
Event: time 1778066752.307632, type 3 (EV_ABS), code 47 (ABS_MT_SLOT), value 1
Event: time 1778066752.307632, type 3 (EV_ABS), code 53 (ABS_MT_POSITION_X), value 671
Event: time 1778066752.307632, type 3 (EV_ABS), code 54 (ABS_MT_POSITION_Y), value 990
Event: time 1778066752.307632, type 3 (EV_ABS), code 58 (ABS_MT_PRESSURE), value 66
Event: time 1778066752.307632, -------------- SYN_REPORT ------------
Event: time 1778066752.319380, type 3 (EV_ABS), code 47 (ABS_MT_SLOT), value 0
Event: time 1778066752.319380, type 3 (EV_ABS), code 53 (ABS_MT_POSITION_X), value 568
Event: time 1778066752.319380, type 3 (EV_ABS), code 58 (ABS_MT_PRESSURE), value 73
Event: time 1778066752.319380, type 3 (EV_ABS), code 47 (ABS_MT_SLOT), value 1
Event: time 1778066752.319380, type 3 (EV_ABS), code 53 (ABS_MT_POSITION_X), value 673
Event: time 1778066752.319380, type 3 (EV_ABS), code 54 (ABS_MT_POSITION_Y), value 989
Event: time 1778066752.319380, type 3 (EV_ABS), code 58 (ABS_MT_PRESSURE), value 64
Event: time 1778066752.319380, -------------- SYN_REPORT ------------
Event: time 1778066752.331155, type 3 (EV_ABS), code 47 (ABS_MT_SLOT), value 0
Event: time 1778066752.331155, type 3 (EV_ABS), code 53 (ABS_MT_POSITION_X), value 562
Event: time 1778066752.331155, type 3 (EV_ABS), code 58 (ABS_MT_PRESSURE), value 72
Event: time 1778066752.331155, type 3 (EV_ABS), code 47 (ABS_MT_SLOT), value 1
Event: time 1778066752.331155, type 3 (EV_ABS), code 53 (ABS_MT_POSITION_X), value 674
Event: time 1778066752.331155, type 3 (EV_ABS), code 54 (ABS_MT_POSITION_Y), value 987
Event: time 1778066752.331155, -------------- SYN_REPORT ------------
Event: time 1778066752.342927, type 3 (EV_ABS), code 47 (ABS_MT_SLOT), value 0
Event: time 1778066752.342927, type 3 (EV_ABS), code 53 (ABS_MT_POSITION_X), value 556
Event: time 1778066752.342927, type 3 (EV_ABS), code 58 (ABS_MT_PRESSURE), value 73
Event: time 1778066752.342927, type 3 (EV_ABS), code 47 (ABS_MT_SLOT), value 1
Event: time 1778066752.342927, type 3 (EV_ABS), code 53 (ABS_MT_POSITION_X), value 676
Event: time 1778066752.342927, type 3 (EV_ABS), code 54 (ABS_MT_POSITION_Y), value 985
Event: time 1778066752.342927, -------------- SYN_REPORT ------------
Event: time 1778066752.354752, type 3 (EV_ABS), code 47 (ABS_MT_SLOT), value 0
Event: time 1778066752.354752, type 3 (EV_ABS), code 53 (ABS_MT_POSITION_X), value 550
Event: time 1778066752.354752, type 3 (EV_ABS), code 58 (ABS_MT_PRESSURE), value 74
Event: time 1778066752.354752, type 3 (EV_ABS), code 47 (ABS_MT_SLOT), value 1
Event: time 1778066752.354752, type 3 (EV_ABS), code 53 (ABS_MT_POSITION_X), value 678
Event: time 1778066752.354752, type 3 (EV_ABS), code 54 (ABS_MT_POSITION_Y), value 983
Event: time 1778066752.354752, type 3 (EV_ABS), code 58 (ABS_MT_PRESSURE), value 62
Event: time 1778066752.354752, -------------- SYN_REPORT ------------
Event: time 1778066752.366504, type 3 (EV_ABS), code 47 (ABS_MT_SLOT), value 0
Event: time 1778066752.366504, type 3 (EV_ABS), code 53 (ABS_MT_POSITION_X), value 545
Event: time 1778066752.366504, type 3 (EV_ABS), code 54 (ABS_MT_POSITION_Y), value 1026
Event: time 1778066752.366504, type 3 (EV_ABS), code 49 (ABS_MT_TOUCH_MINOR), value 8
Event: time 1778066752.366504, type 3 (EV_ABS), code 52 (ABS_MT_ORIENTATION), value 1
Event: time 1778066752.366504, type 3 (EV_ABS), code 47 (ABS_MT_SLOT), value 1
Event: time 1778066752.366504, type 3 (EV_ABS), code 53 (ABS_MT_POSITION_X), value 681
Event: time 1778066752.366504, type 3 (EV_ABS), code 54 (ABS_MT_POSITION_Y), value 981
Event: time 1778066752.366504, type 3 (EV_ABS), code 49 (ABS_MT_TOUCH_MINOR), value 17
Event: time 1778066752.366504, type 3 (EV_ABS), code 52 (ABS_MT_ORIENTATION), value 2
Event: time 1778066752.366504, -------------- SYN_REPORT ------------
Event: time 1778066752.378327, type 3 (EV_ABS), code 47 (ABS_MT_SLOT), value 0
Event: time 1778066752.378327, type 3 (EV_ABS), code 53 (ABS_MT_POSITION_X), value 540
Event: time 1778066752.378327, type 3 (EV_ABS), code 54 (ABS_MT_POSITION_Y), value 1027
Event: time 1778066752.378327, type 3 (EV_ABS), code 47 (ABS_MT_SLOT), value 1
Event: time 1778066752.378327, type 3 (EV_ABS), code 53 (ABS_MT_POSITION_X), value 685
Event: time 1778066752.378327, type 3 (EV_ABS), code 54 (ABS_MT_POSITION_Y), value 978
Event: time 1778066752.378327, type 3 (EV_ABS), code 48 (ABS_MT_TOUCH_MAJOR), value 17
Event: time 1778066752.378327, type 3 (EV_ABS), code 52 (ABS_MT_ORIENTATION), value 3
Event: time 1778066752.378327, -------------- SYN_REPORT ------------
Event: time 1778066752.390096, type 3 (EV_ABS), code 47 (ABS_MT_SLOT), value 0
Event: time 1778066752.390096, type 3 (EV_ABS), code 53 (ABS_MT_POSITION_X), value 535
Event: time 1778066752.390096, type 3 (EV_ABS), code 54 (ABS_MT_POSITION_Y), value 1028
Event: time 1778066752.390096, type 3 (EV_ABS), code 58 (ABS_MT_PRESSURE), value 75
Event: time 1778066752.390096, type 3 (EV_ABS), code 47 (ABS_MT_SLOT), value 1
Event: time 1778066752.390096, type 3 (EV_ABS), code 53 (ABS_MT_POSITION_X), value 690
Event: time 1778066752.390096, type 3 (EV_ABS), code 54 (ABS_MT_POSITION_Y), value 976
Event: time 1778066752.390096, type 3 (EV_ABS), code 58 (ABS_MT_PRESSURE), value 67
Event: time 1778066752.390096, -------------- SYN_REPORT ------------
Event: time 1778066752.401893, type 3 (EV_ABS), code 47 (ABS_MT_SLOT), value 0
Event: time 1778066752.401893, type 3 (EV_ABS), code 53 (ABS_MT_POSITION_X), value 530
Event: time 1778066752.401893, type 3 (EV_ABS), code 47 (ABS_MT_SLOT), value 1
Event: time 1778066752.401893, type 3 (EV_ABS), code 53 (ABS_MT_POSITION_X), value 697
Event: time 1778066752.401893, type 3 (EV_ABS), code 54 (ABS_MT_POSITION_Y), value 973
Event: time 1778066752.401893, type 3 (EV_ABS), code 58 (ABS_MT_PRESSURE), value 76
Event: time 1778066752.401893, type 3 (EV_ABS), code 49 (ABS_MT_TOUCH_MINOR), value 8
Event: time 1778066752.401893, type 3 (EV_ABS), code 52 (ABS_MT_ORIENTATION), value 2
Event: time 1778066752.401893, -------------- SYN_REPORT ------------
Event: time 1778066752.413656, type 3 (EV_ABS), code 47 (ABS_MT_SLOT), value 0
Event: time 1778066752.413656, type 3 (EV_ABS), code 53 (ABS_MT_POSITION_X), value 527
Event: time 1778066752.413656, type 3 (EV_ABS), code 54 (ABS_MT_POSITION_Y), value 1029
Event: time 1778066752.413656, type 3 (EV_ABS), code 47 (ABS_MT_SLOT), value 1
Event: time 1778066752.413656, type 3 (EV_ABS), code 53 (ABS_MT_POSITION_X), value 705
Event: time 1778066752.413656, type 3 (EV_ABS), code 54 (ABS_MT_POSITION_Y), value 969
Event: time 1778066752.413656, type 3 (EV_ABS), code 58 (ABS_MT_PRESSURE), value 80
Event: time 1778066752.413656, -------------- SYN_REPORT ------------
Event: time 1778066752.425493, type 3 (EV_ABS), code 47 (ABS_MT_SLOT), value 0
Event: time 1778066752.425493, type 3 (EV_ABS), code 53 (ABS_MT_POSITION_X), value 523
Event: time 1778066752.425493, type 3 (EV_ABS), code 54 (ABS_MT_POSITION_Y), value 1030
Event: time 1778066752.425493, type 3 (EV_ABS), code 58 (ABS_MT_PRESSURE), value 76
Event: time 1778066752.425493, type 3 (EV_ABS), code 47 (ABS_MT_SLOT), value 1
Event: time 1778066752.425493, type 3 (EV_ABS), code 53 (ABS_MT_POSITION_X), value 715
Event: time 1778066752.425493, type 3 (EV_ABS), code 54 (ABS_MT_POSITION_Y), value 966
Event: time 1778066752.425493, type 3 (EV_ABS), code 58 (ABS_MT_PRESSURE), value 77
Event: time 1778066752.425493, type 3 (EV_ABS), code 49 (ABS_MT_TOUCH_MINOR), value 17
Event: time 1778066752.425493, type 3 (EV_ABS), code 52 (ABS_MT_ORIENTATION), value 3
Event: time 1778066752.425493, -------------- SYN_REPORT ------------
Event: time 1778066752.437242, type 3 (EV_ABS), code 47 (ABS_MT_SLOT), value 0
Event: time 1778066752.437242, type 3 (EV_ABS), code 53 (ABS_MT_POSITION_X), value 520
Event: time 1778066752.437242, type 3 (EV_ABS), code 58 (ABS_MT_PRESSURE), value 77
Event: time 1778066752.437242, type 3 (EV_ABS), code 47 (ABS_MT_SLOT), value 1
Event: time 1778066752.437242, type 3 (EV_ABS), code 53 (ABS_MT_POSITION_X), value 725
Event: time 1778066752.437242, type 3 (EV_ABS), code 54 (ABS_MT_POSITION_Y), value 961
Event: time 1778066752.437242, type 3 (EV_ABS), code 58 (ABS_MT_PRESSURE), value 72
Event: time 1778066752.437242, type 3 (EV_ABS), code 48 (ABS_MT_TOUCH_MAJOR), value 8
Event: time 1778066752.437242, type 3 (EV_ABS), code 52 (ABS_MT_ORIENTATION), value 2
Event: time 1778066752.437242, -------------- SYN_REPORT ------------
Event: time 1778066752.449020, type 3 (EV_ABS), code 47 (ABS_MT_SLOT), value 0
Event: time 1778066752.449020, type 3 (EV_ABS), code 53 (ABS_MT_POSITION_X), value 517
Event: time 1778066752.449020, type 3 (EV_ABS), code 58 (ABS_MT_PRESSURE), value 78
Event: time 1778066752.449020, type 3 (EV_ABS), code 49 (ABS_MT_TOUCH_MINOR), value 17
Event: time 1778066752.449020, type 3 (EV_ABS), code 52 (ABS_MT_ORIENTATION), value 2
Event: time 1778066752.449020, type 3 (EV_ABS), code 47 (ABS_MT_SLOT), value 1
Event: time 1778066752.449020, type 3 (EV_ABS), code 53 (ABS_MT_POSITION_X), value 737
Event: time 1778066752.449020, type 3 (EV_ABS), code 54 (ABS_MT_POSITION_Y), value 955
Event: time 1778066752.449020, type 3 (EV_ABS), code 58 (ABS_MT_PRESSURE), value 65
Event: time 1778066752.449020, type 3 (EV_ABS), code 49 (ABS_MT_TOUCH_MINOR), value 8
Event: time 1778066752.449020, type 3 (EV_ABS), code 52 (ABS_MT_ORIENTATION), value 1
Event: time 1778066752.449020, -------------- SYN_REPORT ------------
Event: time 1778066752.460831, type 3 (EV_ABS), code 47 (ABS_MT_SLOT), value 0
Event: time 1778066752.460831, type 3 (EV_ABS), code 53 (ABS_MT_POSITION_X), value 514
Event: time 1778066752.460831, type 3 (EV_ABS), code 58 (ABS_MT_PRESSURE), value 77
Event: time 1778066752.460831, type 3 (EV_ABS), code 47 (ABS_MT_SLOT), value 1
Event: time 1778066752.460831, type 3 (EV_ABS), code 53 (ABS_MT_POSITION_X), value 749
Event: time 1778066752.460831, type 3 (EV_ABS), code 54 (ABS_MT_POSITION_Y), value 949
Event: time 1778066752.460831, type 3 (EV_ABS), code 58 (ABS_MT_PRESSURE), value 64
Event: time 1778066752.460831, -------------- SYN_REPORT ------------
Event: time 1778066752.472662, type 3 (EV_ABS), code 47 (ABS_MT_SLOT), value 0
Event: time 1778066752.472662, type 3 (EV_ABS), code 53 (ABS_MT_POSITION_X), value 512
Event: time 1778066752.472662, type 3 (EV_ABS), code 58 (ABS_MT_PRESSURE), value 78
Event: time 1778066752.472662, type 3 (EV_ABS), code 47 (ABS_MT_SLOT), value 1
Event: time 1778066752.472662, type 3 (EV_ABS), code 53 (ABS_MT_POSITION_X), value 760
Event: time 1778066752.472662, type 3 (EV_ABS), code 54 (ABS_MT_POSITION_Y), value 944
Event: time 1778066752.472662, type 3 (EV_ABS), code 58 (ABS_MT_PRESSURE), value 62
Event: time 1778066752.472662, type 3 (EV_ABS), code 49 (ABS_MT_TOUCH_MINOR), value 17
Event: time 1778066752.472662, type 3 (EV_ABS), code 52 (ABS_MT_ORIENTATION), value 2
Event: time 1778066752.472662, -------------- SYN_REPORT ------------
Event: time 1778066752.484453, type 3 (EV_ABS), code 47 (ABS_MT_SLOT), value 0
Event: time 1778066752.484453, type 3 (EV_ABS), code 53 (ABS_MT_POSITION_X), value 509
Event: time 1778066752.484453, type 3 (EV_ABS), code 58 (ABS_MT_PRESSURE), value 77
Event: time 1778066752.484453, type 3 (EV_ABS), code 47 (ABS_MT_SLOT), value 1
Event: time 1778066752.484453, type 3 (EV_ABS), code 53 (ABS_MT_POSITION_X), value 770
Event: time 1778066752.484453, type 3 (EV_ABS), code 54 (ABS_MT_POSITION_Y), value 939
Event: time 1778066752.484453, type 3 (EV_ABS), code 58 (ABS_MT_PRESSURE), value 63
Event: time 1778066752.484453, -------------- SYN_REPORT ------------
Event: time 1778066752.496238, type 3 (EV_ABS), code 47 (ABS_MT_SLOT), value 0
Event: time 1778066752.496238, type 3 (EV_ABS), code 53 (ABS_MT_POSITION_X), value 507
Event: time 1778066752.496238, type 3 (EV_ABS), code 47 (ABS_MT_SLOT), value 1
Event: time 1778066752.496238, type 3 (EV_ABS), code 53 (ABS_MT_POSITION_X), value 779
Event: time 1778066752.496238, type 3 (EV_ABS), code 54 (ABS_MT_POSITION_Y), value 935
Event: time 1778066752.496238, type 3 (EV_ABS), code 58 (ABS_MT_PRESSURE), value 65
Event: time 1778066752.496238, -------------- SYN_REPORT ------------
Event: time 1778066752.507981, type 3 (EV_ABS), code 47 (ABS_MT_SLOT), value 0
Event: time 1778066752.507981, type 3 (EV_ABS), code 53 (ABS_MT_POSITION_X), value 504
Event: time 1778066752.507981, type 3 (EV_ABS), code 58 (ABS_MT_PRESSURE), value 75
Event: time 1778066752.507981, type 3 (EV_ABS), code 47 (ABS_MT_SLOT), value 1
Event: time 1778066752.507981, type 3 (EV_ABS), code 53 (ABS_MT_POSITION_X), value 787
Event: time 1778066752.507981, type 3 (EV_ABS), code 54 (ABS_MT_POSITION_Y), value 930
Event: time 1778066752.507981, type 3 (EV_ABS), code 58 (ABS_MT_PRESSURE), value 67
Event: time 1778066752.507981, type 3 (EV_ABS), code 48 (ABS_MT_TOUCH_MAJOR), value 17
Event: time 1778066752.507981, type 3 (EV_ABS), code 49 (ABS_MT_TOUCH_MINOR), value 8
Event: time 1778066752.507981, -------------- SYN_REPORT ------------
Event: time 1778066752.519775, type 3 (EV_ABS), code 47 (ABS_MT_SLOT), value 0
Event: time 1778066752.519775, type 3 (EV_ABS), code 53 (ABS_MT_POSITION_X), value 501
Event: time 1778066752.519775, type 3 (EV_ABS), code 58 (ABS_MT_PRESSURE), value 82
Event: time 1778066752.519775, type 3 (EV_ABS), code 47 (ABS_MT_SLOT), value 1
Event: time 1778066752.519775, type 3 (EV_ABS), code 53 (ABS_MT_POSITION_X), value 794
Event: time 1778066752.519775, type 3 (EV_ABS), code 54 (ABS_MT_POSITION_Y), value 927
Event: time 1778066752.519775, type 3 (EV_ABS), code 58 (ABS_MT_PRESSURE), value 68
Event: time 1778066752.519775, -------------- SYN_REPORT ------------
Event: time 1778066752.531549, type 3 (EV_ABS), code 47 (ABS_MT_SLOT), value 0
Event: time 1778066752.531549, type 3 (EV_ABS), code 53 (ABS_MT_POSITION_X), value 498
Event: time 1778066752.531549, type 3 (EV_ABS), code 54 (ABS_MT_POSITION_Y), value 1031
Event: time 1778066752.531549, type 3 (EV_ABS), code 58 (ABS_MT_PRESSURE), value 83
Event: time 1778066752.531549, type 3 (EV_ABS), code 47 (ABS_MT_SLOT), value 1
Event: time 1778066752.531549, type 3 (EV_ABS), code 53 (ABS_MT_POSITION_X), value 801
Event: time 1778066752.531549, type 3 (EV_ABS), code 54 (ABS_MT_POSITION_Y), value 923
Event: time 1778066752.531549, type 3 (EV_ABS), code 58 (ABS_MT_PRESSURE), value 70
Event: time 1778066752.531549, -------------- SYN_REPORT ------------
Event: time 1778066752.543352, type 3 (EV_ABS), code 47 (ABS_MT_SLOT), value 0
Event: time 1778066752.543352, type 3 (EV_ABS), code 53 (ABS_MT_POSITION_X), value 495
Event: time 1778066752.543352, type 3 (EV_ABS), code 54 (ABS_MT_POSITION_Y), value 1032
Event: time 1778066752.543352, type 3 (EV_ABS), code 47 (ABS_MT_SLOT), value 1
Event: time 1778066752.543352, type 3 (EV_ABS), code 53 (ABS_MT_POSITION_X), value 809
Event: time 1778066752.543352, type 3 (EV_ABS), code 54 (ABS_MT_POSITION_Y), value 920
Event: time 1778066752.543352, type 3 (EV_ABS), code 58 (ABS_MT_PRESSURE), value 68
Event: time 1778066752.543352, -------------- SYN_REPORT ------------
Event: time 1778066752.555123, type 3 (EV_ABS), code 47 (ABS_MT_SLOT), value 0
Event: time 1778066752.555123, type 3 (EV_ABS), code 53 (ABS_MT_POSITION_X), value 492
Event: time 1778066752.555123, type 3 (EV_ABS), code 54 (ABS_MT_POSITION_Y), value 1033
Event: time 1778066752.555123, type 3 (EV_ABS), code 58 (ABS_MT_PRESSURE), value 84
Event: time 1778066752.555123, type 3 (EV_ABS), code 49 (ABS_MT_TOUCH_MINOR), value 8
Event: time 1778066752.555123, type 3 (EV_ABS), code 52 (ABS_MT_ORIENTATION), value 1
Event: time 1778066752.555123, type 3 (EV_ABS), code 47 (ABS_MT_SLOT), value 1
Event: time 1778066752.555123, type 3 (EV_ABS), code 53 (ABS_MT_POSITION_X), value 816
Event: time 1778066752.555123, type 3 (EV_ABS), code 54 (ABS_MT_POSITION_Y), value 917
Event: time 1778066752.555123, type 3 (EV_ABS), code 58 (ABS_MT_PRESSURE), value 69
Event: time 1778066752.555123, -------------- SYN_REPORT ------------
Event: time 1778066752.566899, type 3 (EV_ABS), code 47 (ABS_MT_SLOT), value 0
Event: time 1778066752.566899, type 3 (EV_ABS), code 53 (ABS_MT_POSITION_X), value 488
Event: time 1778066752.566899, type 3 (EV_ABS), code 54 (ABS_MT_POSITION_Y), value 1034
Event: time 1778066752.566899, type 3 (EV_ABS), code 58 (ABS_MT_PRESSURE), value 85
Event: time 1778066752.566899, type 3 (EV_ABS), code 47 (ABS_MT_SLOT), value 1
Event: time 1778066752.566899, type 3 (EV_ABS), code 53 (ABS_MT_POSITION_X), value 823
Event: time 1778066752.566899, type 3 (EV_ABS), code 54 (ABS_MT_POSITION_Y), value 914
Event: time 1778066752.566899, type 3 (EV_ABS), code 58 (ABS_MT_PRESSURE), value 65
Event: time 1778066752.566899, -------------- SYN_REPORT ------------
Event: time 1778066752.578687, type 3 (EV_ABS), code 47 (ABS_MT_SLOT), value 0
Event: time 1778066752.578687, type 3 (EV_ABS), code 53 (ABS_MT_POSITION_X), value 484
Event: time 1778066752.578687, type 3 (EV_ABS), code 54 (ABS_MT_POSITION_Y), value 1035
Event: time 1778066752.578687, type 3 (EV_ABS), code 58 (ABS_MT_PRESSURE), value 84
Event: time 1778066752.578687, type 3 (EV_ABS), code 47 (ABS_MT_SLOT), value 1
Event: time 1778066752.578687, type 3 (EV_ABS), code 53 (ABS_MT_POSITION_X), value 829
Event: time 1778066752.578687, type 3 (EV_ABS), code 54 (ABS_MT_POSITION_Y), value 911
Event: time 1778066752.578687, type 3 (EV_ABS), code 58 (ABS_MT_PRESSURE), value 67
Event: time 1778066752.578687, type 3 (EV_ABS), code 49 (ABS_MT_TOUCH_MINOR), value 17
Event: time 1778066752.578687, type 3 (EV_ABS), code 52 (ABS_MT_ORIENTATION), value 3
Event: time 1778066752.578687, -------------- SYN_REPORT ------------
Event: time 1778066752.590484, type 3 (EV_ABS), code 47 (ABS_MT_SLOT), value 0
Event: time 1778066752.590484, type 3 (EV_ABS), code 53 (ABS_MT_POSITION_X), value 480
Event: time 1778066752.590484, type 3 (EV_ABS), code 54 (ABS_MT_POSITION_Y), value 1036
Event: time 1778066752.590484, type 3 (EV_ABS), code 47 (ABS_MT_SLOT), value 1
Event: time 1778066752.590484, type 3 (EV_ABS), code 53 (ABS_MT_POSITION_X), value 835
Event: time 1778066752.590484, type 3 (EV_ABS), code 54 (ABS_MT_POSITION_Y), value 909
Event: time 1778066752.590484, -------------- SYN_REPORT ------------
Event: time 1778066752.602293, type 3 (EV_ABS), code 47 (ABS_MT_SLOT), value 0
Event: time 1778066752.602293, type 3 (EV_ABS), code 53 (ABS_MT_POSITION_X), value 474
Event: time 1778066752.602293, type 3 (EV_ABS), code 54 (ABS_MT_POSITION_Y), value 1037
Event: time 1778066752.602293, type 3 (EV_ABS), code 48 (ABS_MT_TOUCH_MAJOR), value 17
Event: time 1778066752.602293, type 3 (EV_ABS), code 49 (ABS_MT_TOUCH_MINOR), value 17
Event: time 1778066752.602293, type 3 (EV_ABS), code 52 (ABS_MT_ORIENTATION), value 3
Event: time 1778066752.602293, type 3 (EV_ABS), code 47 (ABS_MT_SLOT), value 1
Event: time 1778066752.602293, type 3 (EV_ABS), code 53 (ABS_MT_POSITION_X), value 839
Event: time 1778066752.602293, type 3 (EV_ABS), code 54 (ABS_MT_POSITION_Y), value 907
Event: time 1778066752.602293, type 3 (EV_ABS), code 58 (ABS_MT_PRESSURE), value 66
Event: time 1778066752.602293, -------------- SYN_REPORT ------------
Event: time 1778066752.614099, type 3 (EV_ABS), code 47 (ABS_MT_SLOT), value 0
Event: time 1778066752.614099, type 3 (EV_ABS), code 53 (ABS_MT_POSITION_X), value 469
Event: time 1778066752.614099, type 3 (EV_ABS), code 54 (ABS_MT_POSITION_Y), value 1039
Event: time 1778066752.614099, type 3 (EV_ABS), code 47 (ABS_MT_SLOT), value 1
Event: time 1778066752.614099, type 3 (EV_ABS), code 53 (ABS_MT_POSITION_X), value 843
Event: time 1778066752.614099, type 3 (EV_ABS), code 54 (ABS_MT_POSITION_Y), value 906
Event: time 1778066752.614099, type 3 (EV_ABS), code 58 (ABS_MT_PRESSURE), value 68
Event: time 1778066752.614099, -------------- SYN_REPORT ------------
Event: time 1778066752.625855, type 3 (EV_ABS), code 47 (ABS_MT_SLOT), value 0
Event: time 1778066752.625855, type 3 (EV_ABS), code 53 (ABS_MT_POSITION_X), value 463
Event: time 1778066752.625855, type 3 (EV_ABS), code 54 (ABS_MT_POSITION_Y), value 1040
Event: time 1778066752.625855, type 3 (EV_ABS), code 58 (ABS_MT_PRESSURE), value 87
Event: time 1778066752.625855, type 3 (EV_ABS), code 47 (ABS_MT_SLOT), value 1
Event: time 1778066752.625855, type 3 (EV_ABS), code 53 (ABS_MT_POSITION_X), value 847
Event: time 1778066752.625855, type 3 (EV_ABS), code 54 (ABS_MT_POSITION_Y), value 905
Event: time 1778066752.625855, -------------- SYN_REPORT ------------
Event: time 1778066752.637618, type 3 (EV_ABS), code 47 (ABS_MT_SLOT), value 0
Event: time 1778066752.637618, type 3 (EV_ABS), code 53 (ABS_MT_POSITION_X), value 457
Event: time 1778066752.637618, type 3 (EV_ABS), code 54 (ABS_MT_POSITION_Y), value 1042
Event: time 1778066752.637618, type 3 (EV_ABS), code 58 (ABS_MT_PRESSURE), value 86
Event: time 1778066752.637618, type 3 (EV_ABS), code 48 (ABS_MT_TOUCH_MAJOR), value 8
Event: time 1778066752.637618, type 3 (EV_ABS), code 49 (ABS_MT_TOUCH_MINOR), value 8
Event: time 1778066752.637618, type 3 (EV_ABS), code 52 (ABS_MT_ORIENTATION), value 1
Event: time 1778066752.637618, type 3 (EV_ABS), code 47 (ABS_MT_SLOT), value 1
Event: time 1778066752.637618, type 3 (EV_ABS), code 53 (ABS_MT_POSITION_X), value 850
Event: time 1778066752.637618, type 3 (EV_ABS), code 54 (ABS_MT_POSITION_Y), value 904
Event: time 1778066752.637618, type 3 (EV_ABS), code 58 (ABS_MT_PRESSURE), value 69
Event: time 1778066752.637618, -------------- SYN_REPORT ------------
Event: time 1778066752.649380, type 3 (EV_ABS), code 47 (ABS_MT_SLOT), value 0
Event: time 1778066752.649380, type 3 (EV_ABS), code 53 (ABS_MT_POSITION_X), value 451
Event: time 1778066752.649380, type 3 (EV_ABS), code 54 (ABS_MT_POSITION_Y), value 1044
Event: time 1778066752.649380, type 3 (EV_ABS), code 47 (ABS_MT_SLOT), value 1
Event: time 1778066752.649380, type 3 (EV_ABS), code 53 (ABS_MT_POSITION_X), value 853
Event: time 1778066752.649380, type 3 (EV_ABS), code 54 (ABS_MT_POSITION_Y), value 903
Event: time 1778066752.649380, type 3 (EV_ABS), code 58 (ABS_MT_PRESSURE), value 70
Event: time 1778066752.649380, -------------- SYN_REPORT ------------
Event: time 1778066752.661201, type 3 (EV_ABS), code 47 (ABS_MT_SLOT), value 0
Event: time 1778066752.661201, type 3 (EV_ABS), code 53 (ABS_MT_POSITION_X), value 444
Event: time 1778066752.661201, type 3 (EV_ABS), code 54 (ABS_MT_POSITION_Y), value 1045
Event: time 1778066752.661201, type 3 (EV_ABS), code 48 (ABS_MT_TOUCH_MAJOR), value 17
Event: time 1778066752.661201, type 3 (EV_ABS), code 52 (ABS_MT_ORIENTATION), value 2
Event: time 1778066752.661201, type 3 (EV_ABS), code 47 (ABS_MT_SLOT), value 1
Event: time 1778066752.661201, type 3 (EV_ABS), code 53 (ABS_MT_POSITION_X), value 856
Event: time 1778066752.661201, type 3 (EV_ABS), code 54 (ABS_MT_POSITION_Y), value 902
Event: time 1778066752.661201, -------------- SYN_REPORT ------------
Event: time 1778066752.672962, type 3 (EV_ABS), code 47 (ABS_MT_SLOT), value 0
Event: time 1778066752.672962, type 3 (EV_ABS), code 53 (ABS_MT_POSITION_X), value 438
Event: time 1778066752.672962, type 3 (EV_ABS), code 54 (ABS_MT_POSITION_Y), value 1048
Event: time 1778066752.672962, type 3 (EV_ABS), code 49 (ABS_MT_TOUCH_MINOR), value 17
Event: time 1778066752.672962, type 3 (EV_ABS), code 52 (ABS_MT_ORIENTATION), value 3
Event: time 1778066752.672962, type 3 (EV_ABS), code 47 (ABS_MT_SLOT), value 1
Event: time 1778066752.672962, type 3 (EV_ABS), code 53 (ABS_MT_POSITION_X), value 859
Event: time 1778066752.672962, type 3 (EV_ABS), code 58 (ABS_MT_PRESSURE), value 69
Event: time 1778066752.672962, type 3 (EV_ABS), code 49 (ABS_MT_TOUCH_MINOR), value 8
Event: time 1778066752.672962, type 3 (EV_ABS), code 52 (ABS_MT_ORIENTATION), value 2
Event: time 1778066752.672962, -------------- SYN_REPORT ------------
Event: time 1778066752.684762, type 3 (EV_ABS), code 47 (ABS_MT_SLOT), value 0
Event: time 1778066752.684762, type 3 (EV_ABS), code 53 (ABS_MT_POSITION_X), value 430
Event: time 1778066752.684762, type 3 (EV_ABS), code 54 (ABS_MT_POSITION_Y), value 1050
Event: time 1778066752.684762, type 3 (EV_ABS), code 58 (ABS_MT_PRESSURE), value 82
Event: time 1778066752.684762, type 3 (EV_ABS), code 47 (ABS_MT_SLOT), value 1
Event: time 1778066752.684762, type 3 (EV_ABS), code 53 (ABS_MT_POSITION_X), value 862
Event: time 1778066752.684762, -------------- SYN_REPORT ------------
Event: time 1778066752.696530, type 3 (EV_ABS), code 47 (ABS_MT_SLOT), value 0
Event: time 1778066752.696530, type 3 (EV_ABS), code 53 (ABS_MT_POSITION_X), value 423
Event: time 1778066752.696530, type 3 (EV_ABS), code 54 (ABS_MT_POSITION_Y), value 1052
Event: time 1778066752.696530, type 3 (EV_ABS), code 58 (ABS_MT_PRESSURE), value 84
Event: time 1778066752.696530, type 3 (EV_ABS), code 47 (ABS_MT_SLOT), value 1
Event: time 1778066752.696530, type 3 (EV_ABS), code 53 (ABS_MT_POSITION_X), value 865
Event: time 1778066752.696530, -------------- SYN_REPORT ------------
Event: time 1778066752.708304, type 3 (EV_ABS), code 47 (ABS_MT_SLOT), value 0
Event: time 1778066752.708304, type 3 (EV_ABS), code 53 (ABS_MT_POSITION_X), value 415
Event: time 1778066752.708304, type 3 (EV_ABS), code 54 (ABS_MT_POSITION_Y), value 1053
Event: time 1778066752.708304, type 3 (EV_ABS), code 58 (ABS_MT_PRESSURE), value 85
Event: time 1778066752.708304, type 3 (EV_ABS), code 47 (ABS_MT_SLOT), value 1
Event: time 1778066752.708304, type 3 (EV_ABS), code 53 (ABS_MT_POSITION_X), value 869
Event: time 1778066752.708304, type 3 (EV_ABS), code 54 (ABS_MT_POSITION_Y), value 901
Event: time 1778066752.708304, type 3 (EV_ABS), code 58 (ABS_MT_PRESSURE), value 67
Event: time 1778066752.708304, type 3 (EV_ABS), code 48 (ABS_MT_TOUCH_MAJOR), value 8
Event: time 1778066752.708304, type 3 (EV_ABS), code 52 (ABS_MT_ORIENTATION), value 1
Event: time 1778066752.708304, -------------- SYN_REPORT ------------
Event: time 1778066752.720063, type 3 (EV_ABS), code 47 (ABS_MT_SLOT), value 0
Event: time 1778066752.720063, type 3 (EV_ABS), code 53 (ABS_MT_POSITION_X), value 407
Event: time 1778066752.720063, type 3 (EV_ABS), code 54 (ABS_MT_POSITION_Y), value 1055
Event: time 1778066752.720063, type 3 (EV_ABS), code 58 (ABS_MT_PRESSURE), value 87
Event: time 1778066752.720063, type 3 (EV_ABS), code 47 (ABS_MT_SLOT), value 1
Event: time 1778066752.720063, type 3 (EV_ABS), code 53 (ABS_MT_POSITION_X), value 874
Event: time 1778066752.720063, -------------- SYN_REPORT ------------
Event: time 1778066752.731875, type 3 (EV_ABS), code 47 (ABS_MT_SLOT), value 0
Event: time 1778066752.731875, type 3 (EV_ABS), code 53 (ABS_MT_POSITION_X), value 399
Event: time 1778066752.731875, type 3 (EV_ABS), code 54 (ABS_MT_POSITION_Y), value 1057
Event: time 1778066752.731875, type 3 (EV_ABS), code 58 (ABS_MT_PRESSURE), value 85
Event: time 1778066752.731875, type 3 (EV_ABS), code 49 (ABS_MT_TOUCH_MINOR), value 8
Event: time 1778066752.731875, type 3 (EV_ABS), code 52 (ABS_MT_ORIENTATION), value 2
Event: time 1778066752.731875, type 3 (EV_ABS), code 47 (ABS_MT_SLOT), value 1
Event: time 1778066752.731875, type 3 (EV_ABS), code 53 (ABS_MT_POSITION_X), value 880
Event: time 1778066752.731875, type 3 (EV_ABS), code 58 (ABS_MT_PRESSURE), value 65
Event: time 1778066752.731875, type 3 (EV_ABS), code 49 (ABS_MT_TOUCH_MINOR), value 17
Event: time 1778066752.731875, type 3 (EV_ABS), code 52 (ABS_MT_ORIENTATION), value 2
Event: time 1778066752.731875, -------------- SYN_REPORT ------------
Event: time 1778066752.743649, type 3 (EV_ABS), code 47 (ABS_MT_SLOT), value 0
Event: time 1778066752.743649, type 3 (EV_ABS), code 53 (ABS_MT_POSITION_X), value 390
Event: time 1778066752.743649, type 3 (EV_ABS), code 54 (ABS_MT_POSITION_Y), value 1058
Event: time 1778066752.743649, type 3 (EV_ABS), code 58 (ABS_MT_PRESSURE), value 86
Event: time 1778066752.743649, type 3 (EV_ABS), code 47 (ABS_MT_SLOT), value 1
Event: time 1778066752.743649, type 3 (EV_ABS), code 53 (ABS_MT_POSITION_X), value 888
Event: time 1778066752.743649, type 3 (EV_ABS), code 54 (ABS_MT_POSITION_Y), value 899
Event: time 1778066752.743649, type 3 (EV_ABS), code 58 (ABS_MT_PRESSURE), value 63
Event: time 1778066752.743649, -------------- SYN_REPORT ------------
Event: time 1778066752.755423, type 3 (EV_ABS), code 47 (ABS_MT_SLOT), value 0
Event: time 1778066752.755423, type 3 (EV_ABS), code 53 (ABS_MT_POSITION_X), value 382
Event: time 1778066752.755423, type 3 (EV_ABS), code 54 (ABS_MT_POSITION_Y), value 1060
Event: time 1778066752.755423, type 3 (EV_ABS), code 58 (ABS_MT_PRESSURE), value 87
Event: time 1778066752.755423, type 3 (EV_ABS), code 49 (ABS_MT_TOUCH_MINOR), value 17
Event: time 1778066752.755423, type 3 (EV_ABS), code 47 (ABS_MT_SLOT), value 1
Event: time 1778066752.755423, type 3 (EV_ABS), code 53 (ABS_MT_POSITION_X), value 899
Event: time 1778066752.755423, type 3 (EV_ABS), code 54 (ABS_MT_POSITION_Y), value 895
Event: time 1778066752.755423, type 3 (EV_ABS), code 58 (ABS_MT_PRESSURE), value 59
Event: time 1778066752.755423, type 3 (EV_ABS), code 49 (ABS_MT_TOUCH_MINOR), value 8
Event: time 1778066752.755423, type 3 (EV_ABS), code 52 (ABS_MT_ORIENTATION), value 1
Event: time 1778066752.755423, -------------- SYN_REPORT ------------
Event: time 1778066752.767235, type 3 (EV_ABS), code 47 (ABS_MT_SLOT), value 0
Event: time 1778066752.767235, type 3 (EV_ABS), code 53 (ABS_MT_POSITION_X), value 374
Event: time 1778066752.767235, type 3 (EV_ABS), code 54 (ABS_MT_POSITION_Y), value 1061
Event: time 1778066752.767235, type 3 (EV_ABS), code 52 (ABS_MT_ORIENTATION), value 3
Event: time 1778066752.767235, type 3 (EV_ABS), code 47 (ABS_MT_SLOT), value 1
Event: time 1778066752.767235, type 3 (EV_ABS), code 53 (ABS_MT_POSITION_X), value 910
Event: time 1778066752.767235, type 3 (EV_ABS), code 54 (ABS_MT_POSITION_Y), value 890
Event: time 1778066752.767235, type 3 (EV_ABS), code 58 (ABS_MT_PRESSURE), value 49
Event: time 1778066752.767235, type 3 (EV_ABS), code 49 (ABS_MT_TOUCH_MINOR), value 17
Event: time 1778066752.767235, type 3 (EV_ABS), code 52 (ABS_MT_ORIENTATION), value 2
Event: time 1778066752.767235, -------------- SYN_REPORT ------------
Event: time 1778066752.778877, type 3 (EV_ABS), code 47 (ABS_MT_SLOT), value 0
Event: time 1778066752.778877, type 3 (EV_ABS), code 53 (ABS_MT_POSITION_X), value 365
Event: time 1778066752.778877, type 3 (EV_ABS), code 54 (ABS_MT_POSITION_Y), value 1062
Event: time 1778066752.778877, type 3 (EV_ABS), code 58 (ABS_MT_PRESSURE), value 89
Event: time 1778066752.778877, -------------- SYN_REPORT ------------
Event: time 1778066752.790600, type 3 (EV_ABS), code 53 (ABS_MT_POSITION_X), value 357
Event: time 1778066752.790600, type 3 (EV_ABS), code 58 (ABS_MT_PRESSURE), value 87
Event: time 1778066752.790600, -------------- SYN_REPORT ------------
Event: time 1778066752.802368, type 3 (EV_ABS), code 53 (ABS_MT_POSITION_X), value 348
Event: time 1778066752.802368, type 3 (EV_ABS), code 58 (ABS_MT_PRESSURE), value 84
Event: time 1778066752.802368, type 3 (EV_ABS), code 49 (ABS_MT_TOUCH_MINOR), value 8
Event: time 1778066752.802368, type 3 (EV_ABS), code 52 (ABS_MT_ORIENTATION), value 2
Event: time 1778066752.802368, type 3 (EV_ABS), code 47 (ABS_MT_SLOT), value 1
Event: time 1778066752.802368, type 3 (EV_ABS), code 57 (ABS_MT_TRACKING_ID), value -1
Event: time 1778066752.802368, -------------- SYN_REPORT ------------
Event: time 1778066752.812978, type 3 (EV_ABS), code 47 (ABS_MT_SLOT), value 0
Event: time 1778066752.812978, type 3 (EV_ABS), code 53 (ABS_MT_POSITION_X), value 339
Event: time 1778066752.812978, type 3 (EV_ABS), code 58 (ABS_MT_PRESSURE), value 76
Event: time 1778066752.812978, type 3 (EV_ABS), code 49 (ABS_MT_TOUCH_MINOR), value 17
Event: time 1778066752.812978, type 3 (EV_ABS), code 52 (ABS_MT_ORIENTATION), value 3
Event: time 1778066752.812978, -------------- SYN_REPORT ------------
Event: time 1778066752.824776, type 3 (EV_ABS), code 53 (ABS_MT_POSITION_X), value 332
Event: time 1778066752.824776, type 3 (EV_ABS), code 54 (ABS_MT_POSITION_Y), value 1059
Event: time 1778066752.824776, type 3 (EV_ABS), code 58 (ABS_MT_PRESSURE), value 53
Event: time 1778066752.824776, type 3 (EV_ABS), code 48 (ABS_MT_TOUCH_MAJOR), value 8
Event: time 1778066752.824776, type 3 (EV_ABS), code 52 (ABS_MT_ORIENTATION), value 2
Event: time 1778066752.824776, -------------- SYN_REPORT ------------
Event: time 1778066752.859880, type 3 (EV_ABS), code 57 (ABS_MT_TRACKING_ID), value -1
Event: time 1778066752.859880, -------------- SYN_REPORT ------------
